entry_date,exit_date,direction,entry_price,exit_price,pnl,pnl_pct,confidence,bars_held,reason,is_winner,balance_after,month
2023-03-25 18:00:00,2023-03-25 18:00:00,SHORT,1.151207839932759,1.1487862691661312,218.41341185937785,109.20670592968892,0.85,3,Take Profit Hit,True,10341.531339189429,2023-03
2023-03-26 02:00:00,2023-03-26 02:00:00,SHORT,1.1491168992992786,1.1462688248722692,328.42199728710176,158.78789442069396,1.05,6,Take Profit Hit,True,10870.587253320173,2023-03
2023-03-26 09:00:00,2023-03-26 09:00:00,SHORT,1.1474967286580866,1.1470149019093558,409.78296249779595,188.4824402530034,0.85,2,Stop Loss Hit,True,11280.37021581797,2023-03
2023-03-26 19:00:00,2023-03-26 19:00:00,SHORT,1.1479879988188677,1.149100814642109,-258.9945925998566,-114.79879988188677,0.85,1,Stop Loss Hit,False,11021.375623218113,2023-03
2023-03-27 01:00:00,2023-03-27 01:00:00,SHORT,1.14999767457908,1.1474318609790848,232.68548845706457,105.56100091846933,0.85,12,Stop Loss Hit,True,11550.046666572815,2023-03
2023-03-27 19:00:00,2023-03-27 19:00:00,LONG,1.1472325556061493,1.151173255270837,341.0324946886725,147.63251809001795,0.85,7,Take Profit Hit,True,12096.814973025777,2023-03
2023-03-28 06:00:00,2023-03-28 06:00:00,SHORT,1.1493218015474183,1.1446694168671168,413.3248505790272,170.840362318794,0.85,14,Take Profit Hit,True,12765.648622081873,2023-03
2023-03-29 01:00:00,2023-03-29 01:00:00,SHORT,1.1432019977678418,1.1447488956686154,-291.8743001513259,-114.32019977678418,0.95,2,Stop Loss Hit,False,12473.774321930547,2023-03
2023-03-29 16:00:00,2023-03-29 16:00:00,SHORT,1.1487691759328569,1.1441284802494656,345.6718081558553,138.55942845948337,0.85,4,Take Profit Hit,True,13025.413171773218,2023-03
2023-03-30 13:00:00,2023-03-30 13:00:00,SHORT,1.1427171669389649,1.1436898566526696,-297.6872647571634,-114.27171669389651,0.85,3,Stop Loss Hit,False,12727.725907016054,2023-03
2023-03-30 23:00:00,2023-03-30 23:00:00,SHORT,1.1422743880389366,1.1373126974651573,614.6309342073524,241.45355529244316,0.85,6,Take Profit Hit,True,13739.840207595618,2023-03
2023-03-31 10:00:00,2023-03-31 10:00:00,SHORT,1.1385540944978012,1.1360709201812116,260.2119334154735,94.69248895326449,0.85,32,Stop Loss Hit,True,14325.719463517375,2023-03
2023-04-02 11:00:00,2023-04-02 11:00:00,SHORT,1.1322264006018348,1.1322264006018348,0.0,0.0,0.85,7,Stop Loss Hit,False,14467.156917199536,2023-04
2023-04-02 22:00:00,2023-04-02 22:00:00,SHORT,1.1325852472012605,1.134368418175396,-327.7057698673173,-113.25852472012608,0.85,1,Stop Loss Hit,False,14139.451147332218,2023-04
2023-04-03 04:00:00,2023-04-03 04:00:00,LONG,1.1337154295440874,1.1325734417794782,-320.6022786203077,-113.37154295440874,0.95,1,Stop Loss Hit,False,13818.84886871191,2023-04
2023-04-03 08:00:00,2023-04-03 08:00:00,SHORT,1.1327758268829087,1.1294757966708966,212.7538258194287,76.97957617191163,0.85,7,Take Profit Hit,True,14138.844975962857,2023-04
2023-04-03 22:00:00,2023-04-03 22:00:00,SHORT,1.129183604937136,1.1286344056620825,1502.636484879466,531.3858690133691,1.1,2,Stop Loss Hit,True,15641.481460842322,2023-04
2023-04-04 01:00:00,2023-04-04 01:00:00,LONG,1.127236017781321,1.1289483424679347,2447.795713955157,782.4692693218008,0.95,2,Stop Loss Hit,True,18089.27717479748,2023-04
2023-04-04 12:00:00,2023-04-04 12:00:00,SHORT,1.1256091043150673,1.1273138712268993,-407.2291015686157,-112.56091043150673,0.85,1,Stop Loss Hit,False,17682.048073228863,2023-04
2023-04-05 11:00:00,2023-04-05 11:00:00,SHORT,1.1280528444918063,1.1220495677150848,1280.2159620914392,362.01008977849216,1.0,11,Take Profit Hit,True,19819.71462359862,2023-04
2023-04-08 10:00:00,2023-04-08 10:00:00,SHORT,1.1279998742965263,1.1299522491891119,-447.1327120802453,-112.79998742965263,0.85,3,Stop Loss Hit,False,19372.581911518373,2023-04
2023-04-08 20:00:00,2023-04-08 20:00:00,SHORT,1.1273677574528274,1.129198903773659,-436.8004845131935,-112.73677574528274,0.85,3,Stop Loss Hit,False,18935.78142700518,2023-04
2023-04-10 12:00:00,2023-04-10 12:00:00,SHORT,1.1256080958759371,1.1256080958759371,0.0,0.0,0.7799999999999999,13,Stop Loss Hit,False,19088.63262468638,2023-04
2023-04-11 08:00:00,2023-04-11 08:00:00,SHORT,1.1266120013818146,1.128026893733321,-430.1096520988025,-112.66120013818146,0.85,3,Stop Loss Hit,False,18658.522972587576,2023-04
2023-04-11 13:00:00,2023-04-11 13:00:00,SHORT,1.1296765741451458,1.1293010968092023,421.56192620562473,112.96765741451458,1.0,1,Stop Loss Hit,True,19080.0848987932,2023-04
2023-04-11 15:00:00,2023-04-11 15:00:00,SHORT,1.1288120473921783,1.1288120473921783,0.0,0.0,0.95,18,Stop Loss Hit,False,19304.63904322793,2023-04
2023-04-12 10:00:00,2023-04-12 10:00:00,LONG,1.1295014068714182,1.1327919700452138,328.52894880668924,85.090673819653,0.85,14,Take Profit Hit,True,19805.532621300907,2023-04
2023-04-13 01:00:00,2023-04-13 01:00:00,SHORT,1.1334774468915982,1.134410911963384,-448.9824909984083,-113.34774468915982,0.95,2,Stop Loss Hit,False,19356.550130302498,2023-04
2023-04-13 04:00:00,2023-04-13 04:00:00,LONG,1.1347862708960783,1.1334087678207536,-439.3109467955794,-113.47862708960783,0.95,4,Stop Loss Hit,False,18917.239183506917,2023-04
2023-04-14 01:00:00,2023-04-14 01:00:00,SHORT,1.1309523457340027,1.133718049701939,-427.88992058796686,-113.09523457340029,0.95,5,Stop Loss Hit,False,18489.34926291895,2023-04
2023-04-14 11:00:00,2023-04-14 11:00:00,SHORT,1.1315946033812032,1.1280769914944493,294.160012743528,79.54850345476366,0.85,8,Take Profit Hit,True,18933.845148062293,2023-04
2023-04-15 04:00:00,2023-04-15 04:00:00,SHORT,1.1249791062410863,1.1267448602474877,-426.003603847485,-112.49791062410863,0.85,3,Stop Loss Hit,False,18507.841544214807,2023-04
2023-04-15 17:00:00,2023-04-15 17:00:00,SHORT,1.1298527420162172,1.1298527420162172,0.0,0.0,0.95,14,Stop Loss Hit,False,18686.968250093036,2023-04
2023-04-17 22:00:00,2023-04-17 22:00:00,SHORT,1.1326287005278468,1.13003780344119,2321.2774677124735,621.0952565033969,0.85,6,Stop Loss Hit,True,21008.24571780551,2023-04
2023-04-18 05:00:00,2023-04-18 05:00:00,SHORT,1.1300219362019137,1.1300219362019137,0.0,0.0,0.85,7,Stop Loss Hit,False,21206.420192381964,2023-04
2023-04-18 13:00:00,2023-04-18 13:00:00,SHORT,1.1291668374668438,1.1257056912501184,377.9961476898168,89.12304487525087,0.85,5,Take Profit Hit,True,21785.99762721417,2023-04
2023-04-18 19:00:00,2023-04-18 19:00:00,SHORT,1.1259207557907744,1.1259207557907744,0.0,0.0,0.85,5,Stop Loss Hit,False,22141.882769780572,2023-04
2023-04-19 02:00:00,2023-04-19 02:00:00,SHORT,1.1249623810272482,1.1266851155893653,-498.17570322237106,-112.49623810272482,0.95,7,Stop Loss Hit,False,21643.7070665582,2023-04
2023-04-19 10:00:00,2023-04-19 10:00:00,SHORT,1.128121756032276,1.1284986631168736,-488.33473645947646,-112.81217560322763,0.95,1,Stop Loss Hit,False,21155.372330098722,2023-04
2023-04-19 14:00:00,2023-04-19 14:00:00,SHORT,1.1304127153014754,1.1311832676554643,-478.2860375776119,-113.04127153014754,0.85,7,Stop Loss Hit,False,20677.08629252111,2023-04
2023-04-20 01:00:00,2023-04-20 01:00:00,LONG,1.1335087133032704,1.1361503333329668,323.82649057948925,78.3056389082772,1.1,5,Take Profit Hit,True,21165.25268357653,2023-04
2023-04-20 07:00:00,2023-04-20 07:00:00,LONG,1.1356495016985897,1.1345276282400303,-480.7261732685686,-113.56495016985899,1.0,2,Stop Loss Hit,False,20684.526510307962,2023-04
2023-04-20 10:00:00,2023-04-20 10:00:00,LONG,1.1336703403536368,1.1328751927406044,-468.98868417989297,-113.36703403536367,1.05,1,Stop Loss Hit,False,20215.537826128068,2023-04
2023-04-21 19:00:00,2023-04-21 19:00:00,LONG,1.1278791876396623,1.1279581630423738,456.01368762064374,112.78791876396622,1.0,1,Stop Loss Hit,True,20671.551513748713,2023-04
2023-04-22 03:00:00,2023-04-22 03:00:00,SHORT,1.1295089376868053,1.1304015017233489,-466.97404381264766,-112.95089376868054,0.85,11,Stop Loss Hit,False,20204.577469936066,2023-04
2023-04-22 22:00:00,2023-04-22 22:00:00,LONG,1.1355599216548833,1.1395594322134732,517.2693864674677,128.00796929239235,0.95,20,Take Profit Hit,True,21025.77210842648,2023-04
2023-04-23 23:00:00,2023-04-23 23:00:00,SHORT,1.141788627414744,1.1441155208998484,-480.13974952030964,-114.17886274147439,0.85,2,Stop Loss Hit,False,20545.632358906172,2023-04
2023-04-24 04:00:00,2023-04-24 04:00:00,SHORT,1.1460267002013427,1.145277870609134,31295.74015091611,7616.154033183105,0.85,2,Stop Loss Hit,True,51841.37250982228,2023-04
2023-04-25 10:00:00,2023-04-25 10:00:00,LONG,1.1468513407414556,1.1452279740375912,-1189.0869513753385,-114.68513407414555,1.05,9,Stop Loss Hit,False,50652.28555844694,2023-04
2023-04-26 09:00:00,2023-04-26 09:00:00,LONG,1.1394391373546642,1.1398792427893154,1154.303931235178,113.94391373546642,0.85,1,Stop Loss Hit,True,51806.58948968212,2023-04
2023-04-26 13:00:00,2023-04-26 13:00:00,SHORT,1.1392653036250688,1.1371292096113732,688.2307197765234,66.42308696209315,0.95,4,Take Profit Hit,True,52817.78086671402,2023-04
2023-04-26 18:00:00,2023-04-26 18:00:00,SHORT,1.1381515240172329,1.1363533978808933,6148.808778209604,582.0775387862432,0.85,3,Stop Loss Hit,True,58966.589644923624,2023-04
2023-04-28 14:00:00,2023-04-28 14:00:00,SHORT,1.1440950400772856,1.1390671605737601,1605.0733052240514,136.1002319185531,0.85,12,Take Profit Hit,True,61525.39136032765,2023-04
2023-04-29 08:00:00,2023-04-29 08:00:00,LONG,1.1414611853637786,1.1379578943197417,-1404.5769230425997,-114.14611853637786,0.95,15,Stop Loss Hit,False,60120.81443728505,2023-04
2023-04-30 19:00:00,2023-04-30 19:00:00,SHORT,1.1282782018693962,1.1301176927141354,-1356.6600881644722,-112.82782018693962,0.95,2,Stop Loss Hit,False,58764.15434912058,2023-04
2023-05-02 02:00:00,2023-05-02 02:00:00,LONG,1.134286743827752,1.137241992244519,979.6660807234406,83.35575416462207,0.85,6,Take Profit Hit,True,60253.13791238805,2023-05
2023-05-02 11:00:00,2023-05-02 11:00:00,LONG,1.137133150166053,1.137133150166053,0.0,0.0,0.85,5,Stop Loss Hit,False,60488.49510790016,2023-05
2023-05-04 14:00:00,2023-05-04 14:00:00,SHORT,1.1358609382313234,1.1358609382313234,0.0,0.0,0.85,5,Stop Loss Hit,False,60933.92681133211,2023-05
2023-05-04 20:00:00,2023-05-04 20:00:00,SHORT,1.1373737917749382,1.1374972727598947,-1386.0930277028274,-113.73737917749382,0.85,1,Stop Loss Hit,False,59547.83378362928,2023-05
2023-05-05 12:00:00,2023-05-05 12:00:00,SHORT,1.1335732894489208,1.1289895492709223,1315.19295427926,110.43163711530588,0.85,11,Take Profit Hit,True,61609.58789433181,2023-05
2023-05-06 04:00:00,2023-05-06 04:00:00,SHORT,1.1271890585674746,1.1304973157044478,-1388.9130675468389,-112.71890585674744,1.0,47,Stop Loss Hit,False,60220.67482678497,2023-05
2023-05-08 07:00:00,2023-05-08 07:00:00,SHORT,1.1335376510133781,1.134969001511204,-1365.248045711886,-113.35376510133781,0.85,1,Stop Loss Hit,False,58855.42678107308,2023-05
2023-05-09 13:00:00,2023-05-09 13:00:00,SHORT,1.1422763222355614,1.1375971840883625,1040.3573908123228,88.38245236774702,0.95,23,Take Profit Hit,True,60446.813278331094,2023-05
2023-05-10 13:00:00,2023-05-10 13:00:00,LONG,1.1387000626830852,1.1387000626830852,0.0,0.0,0.85,5,Stop Loss Hit,False,60710.22337820197,2023-05
2023-05-10 20:00:00,2023-05-10 20:00:00,LONG,1.1375148405541446,1.1388362968738532,6749.514751225926,555.8795846606408,0.85,4,Stop Loss Hit,True,67459.73812942789,2023-05
2023-05-11 04:00:00,2023-05-11 04:00:00,LONG,1.1395464731218425,1.1386181755170117,-1537.4701332622526,-113.95464731218425,0.95,4,Stop Loss Hit,False,65922.26799616564,2023-05
2023-05-12 02:00:00,2023-05-12 02:00:00,SHORT,1.1355651885351719,1.1343692241767616,6732.538918260309,510.64223993718684,0.85,2,Stop Loss Hit,True,72654.80691442595,2023-05
2023-05-12 22:00:00,2023-05-12 22:00:00,SHORT,1.1391724307658835,1.1369111215084808,6433.563061012887,442.7486173482262,0.85,2,Stop Loss Hit,True,79088.36997543884,2023-05
2023-05-13 09:00:00,2023-05-13 09:00:00,SHORT,1.1394369816766206,1.1370261354167481,32495.204360287033,2054.36048121731,0.85,3,Stop Loss Hit,True,111583.57433572586,2023-05
2023-05-14 08:00:00,2023-05-14 08:00:00,SHORT,1.1491655542729535,1.1491655542729535,0.0,0.0,0.95,24,Stop Loss Hit,False,113665.1643673181,2023-05
2023-05-16 00:00:00,2023-05-16 00:00:00,SHORT,1.1519152118878355,1.1528494002629788,-2618.6526379288975,-115.19152118878355,0.85,1,Stop Loss Hit,False,111046.5117293892,2023-05
2023-05-16 06:00:00,2023-05-16 06:00:00,LONG,1.1529744861355933,1.1529744861355933,0.0,0.0,1.1,4,Stop Loss Hit,False,111940.2424498603,2023-05
2023-05-18 08:00:00,2023-05-18 08:00:00,SHORT,1.154258462514119,1.1553559498360202,-2584.15944287267,-115.42584625141193,0.7799999999999999,4,Stop Loss Hit,False,109356.08300698764,2023-05
2023-05-19 01:00:00,2023-05-19 01:00:00,SHORT,1.1569236667436116,1.1588967176754388,-2530.332810663258,-115.69236667436115,0.85,6,Stop Loss Hit,False,106825.75019632438,2023-05
2023-05-19 08:00:00,2023-05-19 08:00:00,SHORT,1.1602575062331788,1.158524507613494,2923.611938495957,136.84022499832403,0.95,7,Stop Loss Hit,True,109749.36213482035,2023-05
2023-05-20 06:00:00,2023-05-20 06:00:00,SHORT,1.150183836342692,1.150183836342692,0.0,0.0,0.7799999999999999,6,Stop Loss Hit,False,109917.93843402143,2023-05
2023-05-20 16:00:00,2023-05-20 16:00:00,SHORT,1.1509718610636792,1.1527477842100493,-2530.2490832737712,-115.09718610636793,0.85,2,Stop Loss Hit,False,107387.68935074766,2023-05
2023-05-21 02:00:00,2023-05-21 02:00:00,SHORT,1.1486526786758748,1.1517315132799126,-2467.0231405909803,-114.86526786758748,0.85,10,Stop Loss Hit,False,104920.66621015668,2023-05
2023-05-21 23:00:00,2023-05-21 23:00:00,SHORT,1.1500828976214843,1.1511875404094738,-2413.349276307071,-115.00828976214844,0.95,7,Stop Loss Hit,False,102507.31693384961,2023-05
2023-05-22 08:00:00,2023-05-22 08:00:00,LONG,1.1502948346473127,1.1538023905434023,2938.054016400362,143.30947801006036,0.85,6,Take Profit Hit,True,107207.08485572862,2023-05
2023-05-22 15:00:00,2023-05-22 15:00:00,SHORT,1.1537409240403247,1.1537409240403247,0.0,0.0,1.0,19,Stop Loss Hit,False,108706.75852333588,2023-05
2023-05-23 22:00:00,2023-05-23 22:00:00,SHORT,1.1563622095951247,1.1530499308133877,1274.4804475636963,58.620110877931566,0.95,7,Take Profit Hit,True,110532.42675491945,2023-05
2023-05-24 16:00:00,2023-05-24 16:00:00,SHORT,1.147406983588754,1.1488068251567738,-2536.51356743214,-114.74069835887539,1.0,4,Stop Loss Hit,False,107995.91318748731,2023-05
2023-05-27 02:00:00,2023-05-27 02:00:00,SHORT,1.1457616554205932,1.1478203240993408,-2474.7515254470827,-114.57616554205934,0.85,5,Stop Loss Hit,False,105521.16166204023,2023-05
2023-05-31 22:00:00,2023-05-31 22:00:00,LONG,1.1466781793644152,1.1459263251893208,-2419.976270780928,-114.66781793644152,0.7799999999999999,2,Stop Loss Hit,False,103101.1853912593,2023-05
2023-06-01 10:00:00,2023-06-01 10:00:00,SHORT,1.1456951196797434,1.1456951196797434,0.0,0.0,0.8799999999999999,5,Stop Loss Hit,False,104385.8930072956,2023-06
2023-06-02 06:00:00,2023-06-02 06:00:00,SHORT,1.1485982886543282,1.1508115354135555,-2397.9491613566706,-114.85982886543282,0.8799999999999999,10,Stop Loss Hit,False,101987.94384593893,2023-06
2023-06-02 17:00:00,2023-06-02 17:00:00,SHORT,1.1487307373891307,1.1514707731853209,-2343.1337187789336,-114.87307373891306,0.85,1,Stop Loss Hit,False,99644.81012716,2023-06
2023-06-02 19:00:00,2023-06-02 19:00:00,SHORT,1.151104059218598,1.153144237323726,-2294.030908348807,-115.1104059218598,0.95,4,Stop Loss Hit,False,97350.77921881119,2023-06
2023-06-03 05:00:00,2023-06-03 05:00:00,SHORT,1.1535959693305977,1.1554837230012418,-2246.06933036027,-115.35959693305978,1.0,4,Stop Loss Hit,False,95104.70988845092,2023-06
2023-06-03 15:00:00,2023-06-03 15:00:00,LONG,1.1535909053833127,1.1514734376077134,-2194.2385677287075,-115.35909053833126,1.0,4,Stop Loss Hit,False,92910.47132072221,2023-06
2023-06-04 21:00:00,2023-06-04 21:00:00,SHORT,1.1470444416281946,1.1421088440635017,2258.895756745203,121.56303399579204,0.85,13,Take Profit Hit,True,96478.37136172122,2023-06
2023-06-05 17:00:00,2023-06-05 17:00:00,SHORT,1.1431864866564296,1.1427889034693883,2205.8554079068076,114.31864866564297,0.85,1,Stop Loss Hit,True,98684.22676962803,2023-06
2023-06-06 11:00:00,2023-06-06 11:00:00,LONG,1.1418280817582616,1.1398929981815367,-2253.608427043233,-114.18280817582614,1.1,1,Stop Loss Hit,False,96430.6183425848,2023-06
2023-06-06 13:00:00,2023-06-06 13:00:00,LONG,1.1388944274686592,1.138709855551818,-2196.485877354538,-113.88944274686592,0.85,1,Stop Loss Hit,False,94234.13246523026,2023-06
2023-06-06 15:00:00,2023-06-06 15:00:00,SHORT,1.137022687060273,1.1328600248111989,2255.8402224274514,119.69337242319247,0.95,21,Take Profit Hit,True,97795.15471365335,2023-06
2023-06-07 18:00:00,2023-06-07 18:00:00,LONG,1.1297616166933426,1.1282183577623133,-2209.7042418814513,-112.97616166933426,0.85,1,Stop Loss Hit,False,95585.4504717719,2023-06
2023-06-07 21:00:00,2023-06-07 21:00:00,SHORT,1.1295962269593274,1.1284305981182579,13462.21951637342,704.1981520162974,1.0,2,Stop Loss Hit,True,109047.66998814531,2023-06
2023-06-08 01:00:00,2023-06-08 01:00:00,SHORT,1.1274753828766806,1.1242317156331538,2189.662115715299,100.39930775014905,1.1,3,Take Profit Hit,True,112450.09486230966,2023-06
2023-06-08 05:00:00,2023-06-08 05:00:00,SHORT,1.124304253143282,1.124304253143282,0.0,0.0,0.85,11,Stop Loss Hit,False,113531.68125344918,2023-06
2023-06-08 21:00:00,2023-06-08 21:00:00,SHORT,1.123376531894083,1.123376531894083,0.0,0.0,0.85,3,Stop Loss Hit,False,113818.41088353349,2023-06
2023-06-09 05:00:00,2023-06-09 05:00:00,LONG,1.120838426811595,1.1222363476208979,23184.426430815744,1018.4831369039048,1.05,2,Stop Loss Hit,True,137002.83731434925,2023-06
2023-06-09 09:00:00,2023-06-09 09:00:00,SHORT,1.1233899456810283,1.124285348186112,-3078.1521993742713,-112.33899456810283,0.85,1,Stop Loss Hit,False,133924.68511497497,2023-06
2023-06-09 18:00:00,2023-06-09 18:00:00,SHORT,1.122391850747009,1.1184081370078325,3115.554412591421,116.31740667960888,0.85,11,Take Profit Hit,True,138836.16132174048,2023-06
2023-06-10 08:00:00,2023-06-10 08:00:00,SHORT,1.1194841991317996,1.1165249043242667,2273.80598933623,81.88810349152793,0.85,14,Take Profit Hit,True,142290.04333526606,2023-06
2023-06-11 03:00:00,2023-06-11 03:00:00,SHORT,1.114121081896057,1.1158262441584745,-3170.5667404744695,-111.4121081896057,0.85,4,Stop Loss Hit,False,139119.4765947916,2023-06
2023-06-11 12:00:00,2023-06-11 12:00:00,SHORT,1.115491531002177,1.1157631327383053,-3103.731958778912,-111.5491531002177,0.95,1,Stop Loss Hit,False,136015.74463601268,2023-06
2023-06-11 23:00:00,2023-06-11 23:00:00,SHORT,1.1180508379290108,1.1180508379290108,0.0,0.0,0.85,5,Stop Loss Hit,False,136888.10869278447,2023-06
2023-06-12 09:00:00,2023-06-12 09:00:00,SHORT,1.1157472885172086,1.1169366545327872,-3054.650722084464,-111.57472885172086,0.85,2,Stop Loss Hit,False,133833.45797070002,2023-06
2023-06-12 14:00:00,2023-06-12 14:00:00,SHORT,1.1182575793484464,1.1201429752304881,-2993.2055749229417,-111.82575793484466,0.95,12,Stop Loss Hit,False,130840.25239577708,2023-06
2023-06-13 03:00:00,2023-06-13 03:00:00,LONG,1.120345537636266,1.120345537636266,0.0,0.0,0.95,2,Stop Loss Hit,False,132242.47774042608,2023-06
2023-06-13 07:00:00,2023-06-13 07:00:00,SHORT,1.118795763201443,1.118795763201443,0.0,0.0,1.0,7,Stop Loss Hit,False,132978.97790772273,2023-06
2023-06-14 09:00:00,2023-06-14 09:00:00,LONG,1.1213957976434756,1.1250591870803408,2879.5285504840303,108.27006628379274,0.85,13,Take Profit Hit,True,137489.24951712208,2023-06
2023-06-15 02:00:00,2023-06-15 02:00:00,SHORT,1.1293516168775604,1.1282934858285594,3105.474124908883,112.93516168775601,0.85,1,Stop Loss Hit,True,140594.72364203096,2023-06
2023-06-15 23:00:00,2023-06-15 23:00:00,SHORT,1.1217878780524102,1.1164197988166433,4203.998021660177,149.50767399934583,1.0,9,Take Profit Hit,True,147350.95608859198,2023-06
2023-06-17 02:00:00,2023-06-17 02:00:00,SHORT,1.1159940907739623,1.1184051929305103,-3288.855925295245,-111.59940907739623,0.95,4,Stop Loss Hit,False,144062.10016329674,2023-06
2023-06-17 15:00:00,2023-06-17 15:00:00,SHORT,1.1189982163262566,1.1221897595867008,-3224.1046624588716,-111.89982163262566,0.85,18,Stop Loss Hit,False,140837.99550083786,2023-06
2023-06-18 10:00:00,2023-06-18 10:00:00,LONG,1.122306619982265,1.1204372794524782,-3161.268293912456,-112.23066199822651,0.95,13,Stop Loss Hit,False,137676.7272069254,2023-06
2023-06-19 00:00:00,2023-06-19 00:00:00,LONG,1.1201526918661446,1.118956397934257,-3084.3791317631667,-112.01526918661445,1.1,21,Stop Loss Hit,False,134592.34807516224,2023-06
2023-06-20 00:00:00,2023-06-20 00:00:00,SHORT,1.1214492595369714,1.1215327824722863,-3018.76978176466,-112.14492595369711,0.85,1,Stop Loss Hit,False,131573.5782933976,2023-06
2023-06-20 04:00:00,2023-06-20 04:00:00,LONG,1.120776610109509,1.11999839279992,-2949.2917811930447,-112.07766101095089,0.95,1,Stop Loss Hit,False,128624.28651220455,2023-06
2023-06-20 09:00:00,2023-06-20 09:00:00,LONG,1.1202009893827294,1.1194843003064803,-2881.701060192384,-112.02009893827294,0.8799999999999999,2,Stop Loss Hit,False,125742.58545201216,2023-06
2023-06-22 18:00:00,2023-06-22 18:00:00,SHORT,1.1123539467937922,1.1123539467937922,0.0,0.0,0.7799999999999999,15,Stop Loss Hit,False,127981.28819007934,2023-06
2023-06-23 20:00:00,2023-06-23 20:00:00,SHORT,1.1115874161423538,1.108466500253971,1160.5865998580673,45.34204242945071,0.7799999999999999,7,Take Profit Hit,True,129564.40124853954,2023-06
2023-06-24 09:00:00,2023-06-24 09:00:00,SHORT,1.1068423976916606,1.1077484649399156,-2868.147450668358,-110.68423976916606,0.7799999999999999,1,Stop Loss Hit,False,126696.25379787118,2023-06
2023-06-24 11:00:00,2023-06-24 11:00:00,SHORT,1.1074953764329136,1.1074953764329136,0.0,0.0,1.1,6,Stop Loss Hit,False,128782.41260718547,2023-06
2023-06-24 18:00:00,2023-06-24 18:00:00,SHORT,1.1089789862864132,1.1088107757515924,2856.3397876927033,110.89789862864133,0.85,1,Stop Loss Hit,True,131638.75239487816,2023-06
2023-06-25 19:00:00,2023-06-25 19:00:00,SHORT,1.1105236251514332,1.1087720429392518,3694.9753880190847,140.3452752626836,1.0,5,Stop Loss Hit,True,135333.72778289724,2023-06
2023-06-26 07:00:00,2023-06-26 07:00:00,SHORT,1.1075577096917772,1.1034112093709174,1982.2474202975895,73.23552867314483,0.95,12,Take Profit Hit,True,138303.60932172945,2023-06
2023-06-27 02:00:00,2023-06-27 02:00:00,SHORT,1.0972152741906769,1.0990262442795977,-3034.976652470033,-109.72152741906768,0.95,5,Stop Loss Hit,False,135268.63266925942,2023-06
2023-06-27 16:00:00,2023-06-27 16:00:00,SHORT,1.0986679001216955,1.094934221220115,2322.7727435819147,85.85777418410242,0.95,26,Take Profit Hit,True,138825.9136450939,2023-06
2023-06-30 14:00:00,2023-06-30 14:00:00,SHORT,1.0983926607691312,1.0983926607691312,0.0,0.0,0.85,15,Stop Loss Hit,False,140717.97742571885,2023-06
2023-07-01 13:00:00,2023-07-01 13:00:00,SHORT,1.0994902869502083,1.0986024676572979,4827.094557090321,171.51662656743383,0.85,4,Stop Loss Hit,True,145545.07198280917,2023-07
2023-07-01 23:00:00,2023-07-01 23:00:00,LONG,1.1029124184480084,1.1029124184480084,0.0,0.0,1.0,10,Stop Loss Hit,False,145916.4947726132,2023-07
2023-07-02 11:00:00,2023-07-02 11:00:00,LONG,1.103235842503959,1.102081075890223,-3219.6061409137687,-110.3235842503959,1.0,7,Stop Loss Hit,False,142696.88863169943,2023-07
2023-07-03 08:00:00,2023-07-03 08:00:00,LONG,1.102429860367911,1.1017101989974398,-3146.266220183595,-110.24298603679111,0.85,7,Stop Loss Hit,False,139550.62241151583,2023-07
2023-07-04 00:00:00,2023-07-04 00:00:00,SHORT,1.0990378536418328,1.0990378536418328,0.0,0.0,0.95,8,Stop Loss Hit,False,140849.93501026274,2023-07
2023-07-04 12:00:00,2023-07-04 12:00:00,SHORT,1.101097274655662,1.1012549007313568,-3101.7895915045483,-110.1097274655662,0.85,1,Stop Loss Hit,False,137748.14541875818,2023-07
2023-07-04 17:00:00,2023-07-04 17:00:00,SHORT,1.0995726930085636,1.1018950483173233,-3029.2819843007837,-109.95726930085637,0.85,6,Stop Loss Hit,False,134718.8634344574,2023-07
2023-07-05 00:00:00,2023-07-05 00:00:00,SHORT,1.1017597776898298,1.103556282972548,-2968.5565005634867,-110.17597776898297,0.85,2,Stop Loss Hit,False,131750.3069338939,2023-07
2023-07-05 06:00:00,2023-07-05 06:00:00,SHORT,1.1039982868625495,1.0995867654522764,4388.762634627204,166.55606870158098,0.85,33,Take Profit Hit,True,138858.32255568725,2023-07
2023-07-07 03:00:00,2023-07-07 03:00:00,SHORT,1.0996158771008866,1.0997360997521297,-3053.8163229965976,-109.96158771008866,0.95,1,Stop Loss Hit,False,135804.50623269065,2023-07
2023-07-07 11:00:00,2023-07-07 11:00:00,LONG,1.1044468964795295,1.1044468964795295,0.0,0.0,0.85,25,Stop Loss Hit,False,137450.6304687278,2023-07
2023-07-08 14:00:00,2023-07-08 14:00:00,SHORT,1.1040422181515683,1.1062950685536896,-3035.0259789805154,-110.40422181515683,0.95,10,Stop Loss Hit,False,134415.60448974726,2023-07
2023-07-09 18:00:00,2023-07-09 18:00:00,SHORT,1.1072206554726076,1.107725106157743,-2976.554674177695,-110.72206554726077,0.85,1,Stop Loss Hit,False,131439.04981556957,2023-07
2023-07-10 05:00:00,2023-07-10 05:00:00,LONG,1.1057417412306387,1.108251328524229,1411.5715905153777,53.696812039346106,1.0,4,Take Profit Hit,True,133443.63641699948,2023-07
2023-07-10 10:00:00,2023-07-10 10:00:00,SHORT,1.1094382331131472,1.1094802279548994,-2960.9494441333823,-110.94382331131472,0.85,1,Stop Loss Hit,False,130482.6869728661,2023-07
2023-07-10 17:00:00,2023-07-10 17:00:00,SHORT,1.109501644206682,1.109501644206682,0.0,0.0,0.85,7,Stop Loss Hit,False,131698.0298473839,2023-07
2023-07-11 11:00:00,2023-07-11 11:00:00,SHORT,1.1086040243185769,1.103499632895774,4062.8126766279256,154.247283780025,0.85,11,Take Profit Hit,True,138245.7059619357,2023-07
2023-07-11 23:00:00,2023-07-11 23:00:00,SHORT,1.1002276461386216,1.104870274337503,-3042.03495318545,-110.02276461386215,1.0,16,Stop Loss Hit,False,135203.67100875024,2023-07
2023-07-12 20:00:00,2023-07-12 20:00:00,SHORT,1.1043932499912394,1.1036234634226834,6066.259544431994,224.3378267458208,0.85,4,Stop Loss Hit,True,141269.93055318223,2023-07
2023-07-13 02:00:00,2023-07-13 02:00:00,LONG,1.1031350917617646,1.1022422147267739,-3116.796356079256,-110.31350917617647,0.85,7,Stop Loss Hit,False,138153.13419710298,2023-07
2023-07-13 13:00:00,2023-07-13 13:00:00,LONG,1.1045335195572177,1.1045335195572177,0.0,0.0,0.95,6,Stop Loss Hit,False,138558.60206935694,2023-07
2023-07-13 21:00:00,2023-07-13 21:00:00,LONG,1.104956636160023,1.1023906108642774,-3062.024937071837,-110.49566361600229,0.85,3,Stop Loss Hit,False,135496.5771322851,2023-07
2023-07-14 05:00:00,2023-07-14 05:00:00,LONG,1.102754617285242,1.1060810235772651,2650.0637204340765,97.7907994622928,1.0,22,Take Profit Hit,True,139612.63072143216,2023-07
2023-07-15 09:00:00,2023-07-15 09:00:00,LONG,1.110757288442625,1.108999356939175,-3101.5149426495896,-111.07572884426249,1.0,4,Stop Loss Hit,False,136511.11577878258,2023-07
2023-07-16 09:00:00,2023-07-16 09:00:00,LONG,1.1096189473934184,1.108215301892647,-3029.506411959075,-110.96189473934182,0.95,2,Stop Loss Hit,False,133481.6093668235,2023-07
2023-07-16 16:00:00,2023-07-16 16:00:00,LONG,1.1080621036305662,1.107307460189421,-2958.1182574199197,-110.80621036305665,0.95,4,Stop Loss Hit,False,130523.49110940359,2023-07
2023-07-17 20:00:00,2023-07-17 20:00:00,SHORT,1.1035201336188443,1.0983937644965258,3850.134522484728,147.48818353539062,0.95,18,Take Profit Hit,True,136712.1922898077,2023-07
2023-07-24 18:00:00,2023-07-24 18:00:00,SHORT,1.0980693643519552,1.1013247653293232,-3002.389401736628,-109.8069364351955,0.85,24,Stop Loss Hit,False,133709.80288807105,2023-07
