prediction,actual,correct,confidence
-1,1,False,0.18474876687205238
-1,1,False,0.5322160069173995
-1,1,False,0.7188559058653197
-1,1,False,0.8094870074891799
-1,1,False,0.7863781337654308
-1,-1,True,0.7126467506847053
-1,-1,True,0.5497043726453149
-1,1,False,0.41200704195854654
-1,1,False,0.47232569180471906
-1,-1,True,0.6337952961999175
-1,1,False,0.49720299170511617
-1,1,False,0.5527114656329514
-1,1,False,0.6958181769811442
-1,-1,True,0.6885899071167659
-1,-1,True,0.49415007568200936
-1,1,False,0.17719542263178825
-1,-1,True,0.2126685885153702
-1,1,False,0.20076677414730404
-1,1,False,0.3178699885838278
-1,1,False,0.616106658898691
-1,-1,True,0.6619912054053434
-1,-1,True,0.5803577599926867
-1,-1,True,0.5472877205347115
-1,1,False,0.367948146448339
-1,-1,True,0.4190558262941758
-1,1,False,0.24707186526174588
-1,1,False,0.31492446588801043
-1,1,False,0.6782546426793113
-1,-1,True,0.7593926270179513
-1,1,False,0.7018851369704506
-1,1,False,0.6322198414979658
-1,-1,True,0.5169011547578141
-1,1,False,0.41153293487667053
-1,-1,True,0.41185268587151114
-1,-1,True,0.30241636999017596
-1,1,False,0.3235254469735948
-1,-1,True,0.633903512394529
-1,-1,True,0.5895402383454049
-1,1,False,0.46929316322015413
-1,1,False,0.486739251492487
-1,-1,True,0.700647594526092
-1,-1,True,0.5329691927203637
-1,-1,True,0.34524498557240624
-1,1,False,0.5640524501256767
-1,1,False,0.6811068080328825
-1,-1,True,0.7963308044820585
-1,1,False,0.6923003398124853
-1,-1,True,0.5457415160098629
-1,1,False,0.4689742842870209
-1,-1,True,0.5910553322314447
-1,-1,True,0.520206049710566
-1,1,False,0.3513853598863085
-1,-1,True,0.26241925200063165
-1,1,False,0.20472079495681497
-1,1,False,0.5825910706786724
-1,-1,True,0.6124821872352958
-1,-1,True,0.6669269610114156
-1,-1,True,0.5084428559824002
-1,1,False,0.4893625670523202
-1,-1,True,0.4207763353044909
-1,1,False,0.3018361057086815
-1,1,False,0.46044580705154126
-1,-1,True,0.5361421344642145
-1,1,False,0.526954000875541
-1,-1,True,0.6428175115643071
-1,-1,True,0.6034047452982748
-1,-1,True,0.3367263287761635
-1,1,False,0.17040150715624128
-1,1,False,0.3995106662481773
-1,1,False,0.677631632403763
-1,1,False,0.710568378633931
-1,-1,True,0.7868736029269132
-1,1,False,0.7242911868119903
-1,1,False,0.6212160201784033
-1,1,False,0.5514789524082788
-1,1,False,0.6548300283712098
-1,1,False,0.8050048329459172
-1,1,False,0.682152106445503
-1,-1,True,0.7015472606354226
-1,1,False,0.5633379562510219
-1,1,False,0.5372105995302215
-1,-1,True,0.47278162154696374
-1,1,False,0.5029887062114932
-1,1,False,0.5577502468341875
-1,1,False,0.45441288255429324
-1,1,False,0.5360246437036406
-1,-1,True,0.5812768353272908
-1,1,False,0.5353111706408379
-1,1,False,0.5063440011418128
-1,-1,True,0.7065680726769914
-1,-1,True,0.6088483722384072
-1,-1,True,0.48159724017508476
-1,1,False,0.46800379946660664
-1,-1,True,0.39911741695432923
-1,1,False,0.49516129030339445
-1,-1,True,0.5500355049992497
-1,1,False,0.4753953721885501
-1,-1,True,0.5566808936747476
-1,-1,True,0.22894113116544898
-1,1,False,0.16538950796302038
-1,-1,True,0.3970470676261964
-1,-1,True,0.3191993408947809
-1,1,False,0.16772277214290507
-1,-1,True,0.3960625221251891
-1,-1,True,0.21376940490801463
-1,-1,True,0.26867664835927135
-1,-1,True,0.1927641482644314
-1,-1,True,0.23189358207600497
-1,1,False,0.21061509344691057
-1,-1,True,0.46282540270015127
-1,1,False,0.4889503719937316
-1,1,False,0.5169791415838352
-1,-1,True,0.49397586987263054
-1,-1,True,0.44473727121398227
-1,-1,True,0.4234990265306072
-1,1,False,0.2897777262546648
-1,1,False,0.30633422539517824
-1,-1,True,0.35099967861435555
-1,1,False,0.4483828129971601
-1,-1,True,0.4519841264343514
-1,-1,True,0.35354861791496955
-1,-1,True,0.5274862617907045
-1,-1,True,0.40121722388852754
-1,-1,True,0.44303709894069637
-1,-1,True,0.40232572412751494
-1,-1,True,0.25953786830708014
-1,-1,True,0.34548876696686115
-1,1,False,0.2705675141099258
-1,1,False,0.47193433048823763
-1,1,False,0.5886727499514331
-1,1,False,0.7107721065378823
-1,1,False,0.7714940572483578
-1,-1,True,0.7020691855794454
-1,-1,True,0.4709020729308139
-1,1,False,0.38708726204006805
-1,1,False,0.3724781722308719
-1,-1,True,0.6968632534444398
-1,1,False,0.6160575360296457
-1,-1,True,0.4110787350067092
-1,-1,True,0.3931038659826135
-1,-1,True,0.20788528609404616
-1,-1,True,0.37191578923006063
-1,1,False,0.284788929365933
-1,1,False,0.44569557258435233
-1,1,False,0.6815194739055359
-1,-1,True,0.7654384946427107
-1,1,False,0.5384000706336651
-1,-1,True,0.497266512412808
-1,1,False,0.3765437340127893
-1,1,False,0.46404593439644015
-1,-1,True,0.4921926935302627
-1,-1,True,0.31878759961677805
-1,1,False,0.35566523442720327
-1,-1,True,0.29321961548372905
-1,-1,True,0.35028984479114483
-1,1,False,0.34920031599133977
-1,-1,True,0.4263574269899034
-1,1,False,0.424800578329588
-1,-1,True,0.6860446081162953
-1,-1,True,0.4860449104407072
-1,1,False,0.4471726214637137
-1,1,False,0.397587215226033
-1,1,False,0.7250116529792842
-1,1,False,0.736964727176317
-1,-1,True,0.7503412914044559
-1,1,False,0.8120005161723766
-1,1,False,0.6980230512032852
-1,1,False,0.561525933532607
-1,1,False,0.5768325908071654
-1,-1,True,0.6411959799905201
-1,1,False,0.49108614166173264
-1,-1,True,0.540673348693209
-1,1,False,0.4337995152660778
-1,-1,True,0.5357937011272436
-1,1,False,0.4219859539989603
-1,-1,True,0.5132924378009132
-1,1,False,0.49167921233472134
-1,-1,True,0.465608475606483
-1,1,False,0.5682466635883977
-1,1,False,0.557452773749843
-1,-1,True,0.5467868498027725
-1,-1,True,0.47830132028664823
-1,-1,True,0.44229314990759866
-1,1,False,0.2623430828409969
-1,-1,True,0.5176849585217483
-1,-1,True,0.44188015902914013
-1,1,False,0.2725016370176062
-1,-1,True,0.37558696060391644
-1,1,False,0.622138570661921
-1,1,False,0.4894645609116035
-1,1,False,0.7863107909202238
-1,-1,True,0.8104536678068379
-1,-1,True,0.7059988098380217
-1,1,False,0.4609618873136465
-1,-1,True,0.44369305191264874
-1,1,False,0.4442881915898614
-1,1,False,0.5082331688445045
-1,-1,True,0.8057761691372113
-1,-1,True,0.6613831044393318
-1,-1,True,0.586088928320412
-1,1,False,0.3933817122466846
-1,1,False,0.3558584523141348
-1,1,False,0.6548485902300635
-1,1,False,0.5751644145097687
-1,-1,True,0.8027554395622333
-1,1,False,0.7681371335338087
-1,-1,True,0.7116251122882616
-1,1,False,0.5433118529786968
-1,1,False,0.40699249771260326
-1,-1,True,0.6063561299514871
-1,-1,True,0.43761306948364265
-1,1,False,0.2967644757187942
-1,-1,True,0.24501342597291326
-1,-1,True,0.33709758135636986
-1,1,False,0.23633663402270996
-1,1,False,0.2358232515073405
-1,-1,True,0.5427013469484393
-1,-1,True,0.5714131795144933
-1,1,False,0.2673558711457842
-1,-1,True,0.3258626745587264
-1,1,False,0.22643739455166775
-1,1,False,0.34468868613422315
-1,-1,True,0.4478494526351472
-1,1,False,0.18119072278821532
-1,1,False,0.2517881446853946
-1,-1,True,0.6572667767828396
-1,-1,True,0.7667749822020044
-1,1,False,0.556120572553137
-1,-1,True,0.5759419025946201
-1,1,False,0.588329344768781
-1,1,False,0.572269653117756
-1,-1,True,0.606768752464727
-1,1,False,0.2695564269808706
-1,-1,True,0.35832389366579004
-1,-1,True,0.24098215923592348
-1,-1,True,0.5034628178384415
-1,1,False,0.34796413634338735
-1,-1,True,0.5047810442756261
-1,-1,True,0.4749789003897278
-1,1,False,0.2293013001883519
-1,-1,True,0.2647351037587969
-1,1,False,0.4131568972495837
-1,-1,True,0.5315839798293347
-1,1,False,0.5475300347896693
-1,-1,True,0.6021989493857133
-1,1,False,0.5722012360142978
-1,1,False,0.623535241780858
-1,-1,True,0.5630847134569952
-1,1,False,0.28025565169182076
-1,-1,True,0.34544849398758065
-1,1,False,0.3053209323372148
-1,1,False,0.5355612779301144
-1,1,False,0.6765936205141927
-1,-1,True,0.7430843075513107
-1,1,False,0.6868891642003258
-1,-1,True,0.6787481389244926
-1,1,False,0.4580615116147461
-1,1,False,0.452973427650934
-1,1,False,0.7226052589730098
-1,-1,True,0.7118920625868791
-1,1,False,0.3352064540871928
-1,1,False,0.42432032350276655
-1,1,False,0.606072934061741
-1,-1,True,0.7466083686097118
-1,-1,True,0.6355307221727879
-1,1,False,0.5098374960939327
-1,1,False,0.5034681362512213
-1,-1,True,0.5407222342406185
-1,-1,True,0.6570262550438032
-1,-1,True,0.49554897156604866
-1,1,False,0.48169564810220106
-1,1,False,0.46189925496412854
-1,-1,True,0.7684325459502156
-1,1,False,0.788907323534521
-1,-1,True,0.7831999587453866
-1,1,False,0.6875838061695995
-1,-1,True,0.7743110527998482
-1,-1,True,0.49258697467488
-1,-1,True,0.4605765902437438
-1,-1,True,0.5217959712807889
-1,1,False,0.2841390014044494
-1,1,False,0.3709911300857995
-1,1,False,0.5060839122322213
-1,1,False,0.6632278663104806
-1,-1,True,0.8621466586745321
-1,-1,True,0.6827476610785237
-1,1,False,0.49417745935782564
-1,1,False,0.6144193744483906
-1,1,False,0.5663656951670291
-1,-1,True,0.6647419756565265
-1,-1,True,0.6274784129575598
-1,-1,True,0.624849803278036
-1,1,False,0.3828981136659654
-1,1,False,0.4714298314808435
-1,-1,True,0.6509670616938449
-1,1,False,0.4697608938208291
-1,1,False,0.6052088762487741
-1,1,False,0.5986061695921033
-1,1,False,0.7602762265699481
-1,1,False,0.841638651968233
-1,1,False,0.852917363929548
-1,1,False,0.8442812879641656
-1,1,False,0.7303191628874038
-1,1,False,0.6139855352626348
-1,1,False,0.7375946282078892
-1,-1,True,0.7373484105204146
-1,1,False,0.5262690425475505
-1,-1,True,0.5572410763641376
-1,-1,True,0.5949322710289912
-1,-1,True,0.3066550712915111
-1,-1,True,0.45089024145180767
-1,1,False,0.19185081114116323
-1,1,False,0.3344869790606085
-1,1,False,0.6400241683344285
-1,-1,True,0.6944613712305646
-1,1,False,0.7548778350416303
-1,1,False,0.8011320431214914
-1,-1,True,0.6670560590525226
-1,1,False,0.6760346561558997
-1,1,False,0.7085702576046684
-1,-1,True,0.7294082324687576
-1,1,False,0.39638275159366265
-1,-1,True,0.4625910648155607
-1,1,False,0.574178931160425
-1,1,False,0.47604852112371965
-1,1,False,0.618442601332187
-1,1,False,0.7745421851536102
-1,-1,True,0.6349659801926745
-1,1,False,0.4025382656042613
-1,-1,True,0.4370210884556292
-1,-1,True,0.2390048462289022
-1,1,False,0.3448315289273568
-1,1,False,0.7486244549683894
-1,1,False,0.8820934421959638
-1,-1,True,0.8961714655996953
-1,-1,True,0.8151025649385244
-1,1,False,0.4862367630643031
-1,-1,True,0.28487006368806544
-1,-1,True,0.4272630595270428
-1,-1,True,0.4176877468752803
-1,-1,True,0.2358841768806499
-1,1,False,0.1613851027494145
-1,1,False,0.2311502582464005
-1,-1,True,0.6274738687074497
-1,1,False,0.7639757612585274
-1,1,False,0.716243916456566
-1,-1,True,0.8271151171179962
-1,-1,True,0.7914047537623422
-1,1,False,0.7070399093028834
-1,-1,True,0.7540643926341745
-1,1,False,0.7295810166802095
-1,-1,True,0.6931389844826092
-1,1,False,0.4143468457833977
-1,1,False,0.2206518664381475
-1,1,False,0.637478814516887
-1,-1,True,0.7795707297806282
-1,-1,True,0.7282436631613263
-1,-1,True,0.2804444653853625
1,-1,False,0.1661471576104578
-1,1,False,0.20634357109896403
-1,1,False,0.24634544530567107
-1,-1,True,0.61406562854094
-1,1,False,0.7365579890633327
-1,1,False,0.5346086673379534
