entry_date,exit_date,direction,entry_price,exit_price,pnl,pnl_pct,confidence,atr_trend,fractal_dim,bars_held,reason,is_winner,balance_after
2023-03-25 13:00:00,2023-03-25 13:00:00,SHORT,1.1507734460591161,1.148953234855616,169.54773253750304,84.77386626875152,1.0,BEARISH,1.6058902677346858,7,Take Profit Hit,True,10169.547732537503
2023-03-25 21:00:00,2023-03-25 21:00:00,SHORT,1.1481237676462401,1.1461944117430116,162.38276677651186,79.83775239923779,1.0,BEARISH,1.5882803388092066,11,Take Profit Hit,True,10331.930499314016
2023-03-26 09:00:00,2023-03-26 09:00:00,SHORT,1.1474967286580866,1.148280883050256,-237.1171289737109,-114.74967286580866,1.0,BEARISH,1.5323275682208892,4,Stop Loss Hit,False,10094.813370340305
2023-03-26 16:00:00,2023-03-26 16:00:00,SHORT,1.1482640743406036,1.1511370826916112,-231.83023060669922,-114.82640743406036,1.0,BEARISH,1.5485226816416628,34,Stop Loss Hit,False,9862.983139733606
2023-03-28 04:00:00,2023-03-28 04:00:00,SHORT,1.1500156182210193,1.1460338708380964,456.0762175195983,231.2060210679406,1.0,BEARISH,1.5733496239379208,14,Take Profit Hit,True,10319.059357253203
2023-03-28 19:00:00,2023-03-28 19:00:00,SHORT,1.1450102540771974,1.1475348292926602,-236.30857552972344,-114.50102540771974,1.0,BEARISH,1.5380188768467338,12,Stop Loss Hit,False,10082.75078172348
2023-03-29 10:00:00,2023-03-29 10:00:00,SHORT,1.1475972045753025,1.1485210053759678,-231.41873223070624,-114.75972045753025,1.0,BEARISH,1.5461411165850323,2,Stop Loss Hit,False,9851.332049492774
2023-03-29 19:00:00,2023-03-29 19:00:00,SHORT,1.1472186150114232,1.1448421061106326,180.81993017248223,91.77435562218832,1.0,BEARISH,1.522267443833749,1,Take Profit Hit,True,10032.151979665256
2023-03-29 21:00:00,2023-03-29 21:00:00,SHORT,1.1453982682977233,1.14152384783187,409.43994968944565,204.06386910772633,1.0,BEARISH,1.5324784752562801,4,Take Profit Hit,True,10441.591929354701
2023-03-30 02:00:00,2023-03-30 02:00:00,SHORT,1.1411281926234333,1.1429325544764994,-238.3038985291192,-114.11281926234334,1.0,BEARISH,1.53851059962382,11,Stop Loss Hit,False,10203.288030825583
2023-03-30 19:00:00,2023-03-30 19:00:00,SHORT,1.1409568231359253,1.1378801300540835,295.19261539894006,144.65563184491177,1.0,BEARISH,1.3937401606221753,9,Take Profit Hit,True,10498.480646224523
2023-03-31 05:00:00,2023-03-31 05:00:00,SHORT,1.137660427071055,1.1347114925209751,248.72355373022555,118.45692825069494,1.0,BEARISH,1.4026486730115837,33,Take Profit Hit,True,10747.20419995475
2023-04-01 15:00:00,2023-04-01 15:00:00,SHORT,1.1352890685626003,1.136678678556962,-244.0236689163739,-113.52890685626005,1.0,BEARISH,1.3925001851639,3,Stop Loss Hit,False,10503.180531038375
2023-04-01 21:00:00,2023-04-01 21:00:00,SHORT,1.1345221631262306,1.1309098279071383,311.3848305262961,148.2335896284512,1.0,BEARISH,1.4578488217065577,19,Take Profit Hit,True,10814.565361564672
2023-04-02 17:00:00,2023-04-02 17:00:00,SHORT,1.1317103079566933,1.1324445741550737,-244.77910191508286,-113.17103079566932,1.0,BEARISH,1.4734521997775512,1,Stop Loss Hit,False,10569.786259649589
2023-04-02 19:00:00,2023-04-02 19:00:00,LONG,1.1342265938414495,1.1354677673000355,89.32230936342144,42.25360247085198,0.95,BULLISH,1.490971977367074,7,Take Profit Hit,True,10659.10856901301
2023-04-03 04:00:00,2023-04-03 04:00:00,SHORT,1.1337154295440874,1.1307027390883735,273.2923871092154,128.1966429649197,0.95,BEARISH,1.658409575619666,11,Take Profit Hit,True,10932.400956122225
2023-04-03 16:00:00,2023-04-03 16:00:00,SHORT,1.1284167296622278,1.1268642282644092,123.30738954700679,56.395383796252794,1.0,BEARISH,1.6810506593078711,12,Take Profit Hit,True,11055.70834566923
2023-04-04 10:00:00,2023-04-04 10:00:00,SHORT,1.124172121778405,1.1271790636990657,-248.57038217428402,-112.41721217784051,1.0,BEARISH,1.612332792123005,3,Stop Loss Hit,False,10807.137963494946
2023-04-04 22:00:00,2023-04-04 22:00:00,SHORT,1.1270934339846557,1.1219941483061933,569.9721934717583,263.7017290780628,1.0,BEARISH,1.588302456739487,24,Take Profit Hit,True,11377.110156966704
2023-04-05 23:00:00,2023-04-05 23:00:00,SHORT,1.1211083044216836,1.1245725653713343,-255.09945354591312,-112.11083044216834,1.0,BEARISH,1.4596829229006285,19,Stop Loss Hit,False,11122.01070342079
2023-04-06 21:00:00,2023-04-06 21:00:00,SHORT,1.1234867302644196,1.1247623741056862,-249.908628783042,-112.34867302644196,1.0,BEARISH,1.451988253816553,2,Stop Loss Hit,False,10872.102074637749
2023-04-07 03:00:00,2023-04-07 03:00:00,SHORT,1.1222528090853852,1.1242937957052692,-244.02494187850516,-112.22528090853852,1.0,BEARISH,1.4476417120590037,3,Stop Loss Hit,False,10628.077132759245
2023-04-07 15:00:00,2023-04-07 15:00:00,SHORT,1.1241914521239482,1.1271878696694062,-238.9598693032389,-112.41914521239482,1.0,BEARISH,1.5123301483736542,17,Stop Loss Hit,False,10389.117263456006
2023-04-08 13:00:00,2023-04-08 13:00:00,LONG,1.1289966776987552,1.1266322636291533,-234.58557749329228,-112.89966776987552,1.0,BULLISH,1.5880350599904973,4,Stop Loss Hit,False,10154.531685962715
2023-04-08 18:00:00,2023-04-08 18:00:00,SHORT,1.1271019892578242,1.128672722879244,-228.90385726460366,-112.71019892578242,1.0,BEARISH,1.5848450867230808,4,Stop Loss Hit,False,9925.62782869811
2023-04-09 03:00:00,2023-04-09 03:00:00,SHORT,1.1281882027125576,1.1313999840406788,-223.95952441705336,-112.81882027125576,1.0,BEARISH,1.6286738774986727,19,Stop Loss Hit,False,9701.668304281056
2023-04-09 23:00:00,2023-04-09 23:00:00,LONG,1.1313107928547343,1.1295355489598018,-219.51204122659698,-113.13107928547343,0.8999999999999999,BULLISH,1.721626104177704,3,Stop Loss Hit,False,9482.15626305446
2023-04-10 03:00:00,2023-04-10 03:00:00,SHORT,1.128395838971565,1.1267707625956278,98.18219747315219,51.772083663977206,0.95,BEARISH,1.7036399918117782,1,Take Profit Hit,True,9580.338460527611
2023-04-10 05:00:00,2023-04-10 05:00:00,SHORT,1.1273689281577708,1.1234771880043497,373.19364025216805,194.77059280827086,1.0,BEARISH,1.693653851500604,9,Take Profit Hit,True,9953.53210077978
2023-04-10 17:00:00,2023-04-10 17:00:00,SHORT,1.12334547914643,1.126660604812214,-223.62510573899664,-112.334547914643,1.0,BEARISH,1.656333779172731,9,Stop Loss Hit,False,9729.906995040783
2023-04-11 05:00:00,2023-04-11 05:00:00,SHORT,1.1269848038085388,1.1284847314220872,-219.30914651762728,-112.69848038085387,1.0,BEARISH,1.5671607812364434,6,Stop Loss Hit,False,9510.597848523155
2023-04-11 18:00:00,2023-04-11 18:00:00,SHORT,1.1269606639661127,1.1294980812476894,-214.36139332172678,-112.69606639661127,1.0,BEARISH,1.5549882210106725,16,Stop Loss Hit,False,9296.236455201428
2023-04-12 16:00:00,2023-04-12 16:00:00,SHORT,1.129270954341782,1.1301663239172404,-209.95939627104363,-112.9270954341782,1.0,BEARISH,1.5740961311889088,2,Stop Loss Hit,False,9086.277058930384
2023-04-12 23:00:00,2023-04-12 23:00:00,SHORT,1.1313569602726115,1.1334220818718292,-205.59645587172486,-113.13569602726115,1.0,BEARISH,1.5739643898038838,2,Stop Loss Hit,False,8880.68060305866
2023-04-13 09:00:00,2023-04-13 09:00:00,SHORT,1.1341474034304369,1.1357145460912088,-201.44001693308053,-113.4147403430437,1.0,BEARISH,1.5331413184034166,3,Stop Loss Hit,False,8679.24058612558
2023-04-13 19:00:00,2023-04-13 19:00:00,SHORT,1.1336622642781444,1.1319307570518213,78.54441848059794,45.24843948107459,1.0,BEARISH,1.525373239509337,5,Take Profit Hit,True,8757.785004606178
2023-04-14 01:00:00,2023-04-14 01:00:00,SHORT,1.1309523457340027,1.134281749175496,-198.09274988786865,-113.09523457340029,1.0,BEARISH,1.525995326291098,5,Stop Loss Hit,False,8559.69225471831
2023-04-14 07:00:00,2023-04-14 07:00:00,LONG,1.133782406627335,1.1318307502844525,-194.0965696908777,-113.3782406627335,0.95,BULLISH,1.5059742655660242,2,Stop Loss Hit,False,8365.595685027432
2023-04-14 10:00:00,2023-04-14 10:00:00,SHORT,1.131976751833085,1.128864524096919,306.62811047273783,183.26734999967448,1.0,BEARISH,1.4833837312650582,9,Take Profit Hit,True,8672.223795500171
2023-04-14 20:00:00,2023-04-14 20:00:00,SHORT,1.1260851480386946,1.1249326432646696,55.781019172640676,32.16073552067708,1.0,BEARISH,1.5094486220577068,7,Take Profit Hit,True,8728.004814672811
2023-04-15 04:00:00,2023-04-15 04:00:00,SHORT,1.1249791062410863,1.1277289591707222,-196.37646111357034,-112.49791062410861,1.0,BEARISH,1.545697682407717,6,Stop Loss Hit,False,8531.628353559241
2023-04-15 18:00:00,2023-04-15 18:00:00,SHORT,1.1301993517393438,1.1266243372387374,447.7173213809355,262.3867934860031,1.0,BEARISH,1.4999343820873818,24,Take Profit Hit,True,8979.345674940176
2023-04-16 19:00:00,2023-04-16 19:00:00,SHORT,1.1269725027245967,1.1301361288843652,-202.38951336233225,-112.69725027245967,1.0,BEARISH,1.5473037532305876,22,Stop Loss Hit,False,8776.956161577844
2023-04-18 01:00:00,2023-04-18 01:00:00,SHORT,1.1301735555076837,1.1269563986872477,233.06879056999495,132.7731312993683,1.0,BEARISH,1.6121307943035972,16,Take Profit Hit,True,9010.024952147838
2023-04-18 18:00:00,2023-04-18 18:00:00,SHORT,1.1255104070756596,1.1292292646435127,-202.81753703307533,-112.55104070756599,1.0,BEARISH,1.5936815557603967,19,Stop Loss Hit,False,8807.207415114763
2023-04-20 06:00:00,2023-04-20 06:00:00,LONG,1.1363305472934802,1.1320982213873594,-200.1579764428911,-113.63305472934802,1.0,BULLISH,1.5474109399458764,7,Stop Loss Hit,False,8607.049438671871
2023-04-20 14:00:00,2023-04-20 14:00:00,SHORT,1.1308771911305942,1.1333778651077198,-194.67031786254805,-113.08771911305942,1.0,BEARISH,1.4851798072871978,5,Stop Loss Hit,False,8412.379120809323
2023-04-21 03:00:00,2023-04-21 03:00:00,SHORT,1.1323927991562768,1.130507234225031,118.55290126587754,70.46336093710909,1.0,BEARISH,1.436910115270026,13,Take Profit Hit,True,8530.9320220752
2023-04-21 17:00:00,2023-04-21 17:00:00,SHORT,1.1291128931589398,1.1332112357103836,-192.64770673575146,-112.91128931589398,1.0,BEARISH,1.4562880545113532,27,Stop Loss Hit,False,8338.284315339448
2023-04-23 08:00:00,2023-04-23 08:00:00,SHORT,1.1381578407302348,1.1399265610232696,-189.8056734348306,-113.81578407302348,1.0,BEARISH,1.410764192948484,10,Stop Loss Hit,False,8148.478641904618
2023-04-24 15:00:00,2023-04-24 15:00:00,SHORT,1.14581872025779,1.1487945852437567,-186.7335873903017,-114.581872025779,1.0,BEARISH,1.4612597495844868,6,Stop Loss Hit,False,7961.745054514316
2023-04-25 04:00:00,2023-04-25 04:00:00,SHORT,1.1459458756472851,1.1441115661270884,107.33145865402058,67.40448100204085,1.0,BEARISH,1.423224298315245,16,Take Profit Hit,True,8069.0765131683365
2023-04-26 03:00:00,2023-04-26 03:00:00,LONG,1.1447888347285222,1.1431987382599318,-184.74777397690536,-114.47888347285225,0.95,BULLISH,1.424679469905655,1,Stop Loss Hit,False,7884.328739191431
2023-04-26 05:00:00,2023-04-26 05:00:00,SHORT,1.1422148454271086,1.1400781486128555,120.42959141160976,76.3727613315882,1.0,BEARISH,1.4139929437532799,4,Take Profit Hit,True,8004.758330603041
2023-04-26 10:00:00,2023-04-26 10:00:00,SHORT,1.1389836857485194,1.1360747072696449,171.8954020879134,107.37076310645071,1.0,BEARISH,1.3976190568047326,9,Take Profit Hit,True,8176.653732690955
2023-04-26 20:00:00,2023-04-26 20:00:00,SHORT,1.1360546825721032,1.1381995940407905,-185.7825152158845,-113.60546825721032,1.0,BEARISH,1.4101638868116768,3,Stop Loss Hit,False,7990.87121747507
2023-04-27 04:00:00,2023-04-27 04:00:00,SHORT,1.1367212092786467,1.138869362699324,-181.6678558703639,-113.67212092786467,1.0,BEARISH,1.4362292209101906,9,Stop Loss Hit,False,7809.203361604706
2023-04-27 18:00:00,2023-04-27 18:00:00,SHORT,1.1382995104583873,1.1406755636593944,-177.7842472716926,-113.82995104583875,1.0,BEARISH,1.4332237785747908,8,Stop Loss Hit,False,7631.419114333013
2023-04-28 05:00:00,2023-04-28 05:00:00,SHORT,1.1388890056202545,1.1414684565977475,-173.82678653188256,-113.88890056202543,1.0,BEARISH,1.4623399010693747,5,Stop Loss Hit,False,7457.5923278011305
2023-04-28 16:00:00,2023-04-28 16:00:00,SHORT,1.1439865404616913,1.1386783923484867,457.9173633132373,307.0142099388893,1.0,BEARISH,1.5313913500437817,25,Take Profit Hit,True,7915.509691114368
2023-04-29 18:00:00,2023-04-29 18:00:00,SHORT,1.139675042885636,1.1354378736149053,597.0353342996304,377.13006338040253,1.0,BEARISH,1.4514098079633238,8,Take Profit Hit,True,8512.545025413998
2023-04-30 03:00:00,2023-04-30 03:00:00,SHORT,1.1358023769276604,1.1326839431763052,242.30089261208244,142.3198889924805,1.0,BEARISH,1.5106833149227539,3,Take Profit Hit,True,8754.84591802608
2023-04-30 07:00:00,2023-04-30 07:00:00,SHORT,1.131393780731592,1.1295983412872967,75.47228675456749,43.10314965062454,1.0,BEARISH,1.5432580180575164,3,Take Profit Hit,True,8830.318204780648
2023-04-30 12:00:00,2023-04-30 12:00:00,SHORT,1.1275280929496838,1.1313184735368267,-199.12863691150397,-112.75280929496839,1.0,BEARISH,1.5706625843264874,9,Stop Loss Hit,False,8631.189567869144
2023-04-30 23:00:00,2023-04-30 23:00:00,SHORT,1.1322405051743603,1.1332316424179456,-195.45164873159655,-113.22405051743603,1.0,BEARISH,1.4813627811918095,22,Stop Loss Hit,False,8435.737919137548
2023-05-02 06:00:00,2023-05-02 06:00:00,LONG,1.1350361082339566,1.1368664481505146,125.77632264111728,74.549686018444,1.0,BULLISH,1.4141752320096381,2,Take Profit Hit,True,8561.514241778665
2023-05-02 11:00:00,2023-05-02 11:00:00,SHORT,1.137133150166053,1.1379687476535263,-194.711633198906,-113.7133150166053,1.0,BEARISH,1.4270307410345942,1,Stop Loss Hit,False,8366.80260857976
2023-05-02 13:00:00,2023-05-02 13:00:00,LONG,1.138998495555886,1.135553126974384,-190.59551167570817,-113.8998495555886,1.0,BULLISH,1.4548787966617436,12,Stop Loss Hit,False,8176.207096904051
2023-05-03 06:00:00,2023-05-03 06:00:00,LONG,1.1348079293735,1.137974176118755,172.7674960156637,105.65259292483107,1.0,BULLISH,1.4640168271404137,6,Take Profit Hit,True,8348.974592919714
2023-05-03 14:00:00,2023-05-03 14:00:00,LONG,1.136497265148561,1.1346538345935724,-189.7717358329615,-113.6497265148561,0.95,BULLISH,1.4329302860901907,3,Stop Loss Hit,False,8159.202857086752
2023-05-03 18:00:00,2023-05-03 18:00:00,SHORT,1.1356154603309478,1.1309337107874882,709.6695843914224,434.8890429749717,1.0,BEARISH,1.4166075417531794,8,Take Profit Hit,True,8868.872441478175
2023-05-04 04:00:00,2023-05-04 04:00:00,LONG,1.1334428019961964,1.1365770932401507,172.65433083135562,97.33725001155801,1.0,BULLISH,1.4431056622634058,7,Take Profit Hit,True,9041.526772309531
2023-05-04 15:00:00,2023-05-04 15:00:00,SHORT,1.1351331481777975,1.1374773009803776,-205.26673498771115,-113.51331481777973,1.0,BEARISH,1.4834925090211812,6,Stop Loss Hit,False,8836.26003732182
2023-05-05 04:00:00,2023-05-05 04:00:00,SHORT,1.1359323040411267,1.1319698882261675,361.55102508894123,204.58373993174362,1.0,BEARISH,1.4769927562400527,16,Take Profit Hit,True,9197.811062410761
2023-05-05 21:00:00,2023-05-05 21:00:00,SHORT,1.1326563876063698,1.1276246529158158,602.2884836957945,327.4085973331212,1.0,BEARISH,1.5170223009622665,4,Take Profit Hit,True,9800.099546106556
2023-05-06 03:00:00,2023-05-06 03:00:00,SHORT,1.128988772428101,1.1307980221434735,-221.28404712464058,-112.89887724281009,1.0,BEARISH,1.5537941182863493,49,Stop Loss Hit,False,9578.815498981916
2023-05-08 22:00:00,2023-05-08 22:00:00,SHORT,1.1392502426720084,1.141280247529856,-218.25335763451085,-113.92502426720084,1.0,BEARISH,1.5555727110408573,12,Stop Loss Hit,False,9360.562141347405
2023-05-09 15:00:00,2023-05-09 15:00:00,SHORT,1.1407994287863636,1.13781254528692,189.81863254616158,101.39275274275256,1.0,BEARISH,1.5305549231550006,13,Take Profit Hit,True,9550.380773893567
2023-05-10 10:00:00,2023-05-10 10:00:00,SHORT,1.1377306656008799,1.1397908052918857,-217.3152214924755,-113.77306656008801,1.0,BEARISH,1.5520207621630173,16,Stop Loss Hit,False,9333.06555240109
2023-05-11 09:00:00,2023-05-11 09:00:00,SHORT,1.1386628004669108,1.1354246529498204,287.2992814116085,153.9147452670017,1.0,BEARISH,1.5395309038736753,8,Take Profit Hit,True,9620.364833812699
2023-05-11 18:00:00,2023-05-11 18:00:00,SHORT,1.1348152208277742,1.137342741801692,-218.34672886653817,-113.4815220827774,1.0,BEARISH,1.5122227962458459,25,Stop Loss Hit,False,9402.01810494616
2023-05-12 20:00:00,2023-05-12 20:00:00,LONG,1.1377695563391224,1.1400662731524787,174.42390358648453,92.758757555851,1.0,BULLISH,1.666714329910902,8,Take Profit Hit,True,9576.442008532646
2023-05-13 10:00:00,2023-05-13 10:00:00,LONG,1.1379727533434478,1.1432495496887083,903.48119978956,471.7207074321313,0.95,BULLISH,1.6705957610209359,13,Take Profit Hit,True,10479.923208322205
2023-05-14 05:00:00,2023-05-14 05:00:00,SHORT,1.1489702028773503,1.1496712748815796,-240.8223898961003,-114.89702028773503,1.0,BEARISH,1.6163400964460273,1,Stop Loss Hit,False,10239.100818426105
2023-05-14 13:00:00,2023-05-14 13:00:00,SHORT,1.1484183720864205,1.1508825843618247,-235.17542987051283,-114.84183720864203,1.0,BEARISH,1.5555251675043302,20,Stop Loss Hit,False,10003.925388555592
2023-05-15 14:00:00,2023-05-15 14:00:00,SHORT,1.1499239780406263,1.1514873143394642,-230.07507357658926,-114.9923978040626,1.0,BEARISH,1.5748307672363273,9,Stop Loss Hit,False,9773.850314979003
2023-05-16 06:00:00,2023-05-16 06:00:00,SHORT,1.1529744861355933,1.1543329991754177,-225.38000088958245,-115.29744861355933,1.0,BEARISH,1.5454085108100881,1,Stop Loss Hit,False,9548.47031408942
2023-05-16 10:00:00,2023-05-16 10:00:00,SHORT,1.1527963957568992,1.1509310807481923,102.57301149088683,53.71175073955739,1.0,BEARISH,1.5219177895859708,9,Take Profit Hit,True,9651.043325580307
2023-05-16 20:00:00,2023-05-16 20:00:00,SHORT,1.1507040131982849,1.1529338058315552,-222.10988572591563,-115.07040131982849,1.0,BEARISH,1.5291242289251843,3,Stop Loss Hit,False,9428.933439854392
2023-05-17 04:00:00,2023-05-17 04:00:00,SHORT,1.1507123370904402,1.1541570654254996,-216.99980069690102,-115.07123370904402,1.0,BEARISH,1.54769836512806,23,Stop Loss Hit,False,9211.93363915749
2023-05-18 04:00:00,2023-05-18 04:00:00,LONG,1.1544607052185984,1.157026632251399,201.9474050392761,109.61184315356505,1.0,BULLISH,1.6920009095775352,13,Take Profit Hit,True,9413.881044196767
2023-05-18 20:00:00,2023-05-18 20:00:00,SHORT,1.158216177793107,1.1588782963529272,-218.0661864241713,-115.8216177793107,1.0,BEARISH,1.6192885187360622,11,Stop Loss Hit,False,9195.814857772595
2023-05-19 11:00:00,2023-05-19 11:00:00,SHORT,1.1581091733254938,1.1596013465142074,-212.99515085978626,-115.81091733254938,1.0,BEARISH,1.648016032179825,5,Stop Loss Hit,False,8982.81970691281
2023-05-19 18:00:00,2023-05-19 18:00:00,SHORT,1.1590261828261634,1.1547138589219996,549.8072760295854,306.0326790297685,1.0,BEARISH,1.6381178111494927,5,Take Profit Hit,True,9532.626982942395
2023-05-20 00:00:00,2023-05-20 00:00:00,SHORT,1.1548519530566375,1.1505564184767296,419.7930146994057,220.18747583986027,1.0,BEARISH,1.6867674673125053,6,Take Profit Hit,True,9952.4199976418
2023-05-20 11:00:00,2023-05-20 11:00:00,SHORT,1.149653118654018,1.1506811596091058,-228.83661376887022,-114.9653118654018,1.0,BEARISH,1.6442006297271041,1,Stop Loss Hit,False,9723.58338387293
2023-05-20 21:00:00,2023-05-20 21:00:00,SHORT,1.151856879178189,1.1538106738751541,-224.00352821953533,-115.18568791781887,1.0,BEARISH,1.57544480662086,41,Stop Loss Hit,False,9499.579855653395
2023-05-22 20:00:00,2023-05-22 20:00:00,SHORT,1.1511656191484672,1.1545785311820094,-218.71179452367096,-115.11656191484671,1.0,BEARISH,1.598088142449023,19,Stop Loss Hit,False,9280.868061129724
2023-05-23 17:00:00,2023-05-23 17:00:00,SHORT,1.153605884662666,1.1555005021027016,-214.12928020194076,-115.3605884662666,1.0,BEARISH,1.550272011694996,2,Stop Loss Hit,False,9066.738780927782
2023-05-23 23:00:00,2023-05-23 23:00:00,SHORT,1.1558267339628303,1.1524347328731497,246.10058120183606,135.7161528241652,1.0,BEARISH,1.5862936610654013,7,Take Profit Hit,True,9312.839362129618
2023-05-24 07:00:00,2023-05-24 07:00:00,SHORT,1.15256342744177,1.1493458156551697,416.05747315237545,223.3784225057401,1.0,BEARISH,1.653436440944307,3,Take Profit Hit,True,9728.896835281994
2023-05-24 11:00:00,2023-05-24 11:00:00,SHORT,1.14729660357277,1.1502089388545906,-223.23860591257804,-114.72966035727701,1.0,BEARISH,1.6475454169531936,11,Stop Loss Hit,False,9505.658229369415
2023-05-25 03:00:00,2023-05-25 03:00:00,SHORT,1.1496706441266937,1.146536674569268,257.9048503338156,135.6585962332271,1.0,BEARISH,1.5163346225841952,13,Take Profit Hit,True,9763.563079703232
2023-05-25 17:00:00,2023-05-25 17:00:00,SHORT,1.148006096037584,1.1493990078841108,-224.17259869093596,-114.8006096037584,1.0,BEARISH,1.452407480038995,6,Stop Loss Hit,False,9539.390481012295
2023-05-26 02:00:00,2023-05-26 02:00:00,SHORT,1.1482875109180302,1.1505555140370394,-219.07925902233518,-114.82875109180301,1.0,BEARISH,1.4620702232194445,14,Stop Loss Hit,False,9320.31122198996
2023-05-26 20:00:00,2023-05-26 20:00:00,SHORT,1.149290048606089,1.1455968739002218,558.6389696838426,299.6890105803617,1.0,BEARISH,1.48478173403684,5,Take Profit Hit,True,9878.950191673803
2023-05-27 02:00:00,2023-05-27 02:00:00,SHORT,1.1457616554205932,1.1483968928278925,-226.37844650859526,-114.57616554205931,1.0,BEARISH,1.4737010320443098,8,Stop Loss Hit,False,9652.571745165207
2023-05-28 01:00:00,2023-05-28 01:00:00,SHORT,1.1516917177080324,1.1482538681626273,329.140071338588,170.4934602032086,1.0,BEARISH,1.4631188604377847,10,Take Profit Hit,True,9981.711816503795
2023-05-28 12:00:00,2023-05-28 12:00:00,SHORT,1.149024420222849,1.1514364271637754,-229.3846126557967,-114.9024420222849,1.0,BEARISH,1.586446010380475,11,Stop Loss Hit,False,9752.327203847999
2023-05-29 03:00:00,2023-05-29 03:00:00,SHORT,1.1492754602761883,1.1462723088240467,240.98245572025988,123.55125637354274,1.0,BEARISH,1.605666871205542,4,Take Profit Hit,True,9993.309659568258
2023-05-29 08:00:00,2023-05-29 08:00:00,SHORT,1.1493203275736275,1.1492580926649718,229.71027862959372,114.93203275736275,1.0,BEARISH,1.6072475175486673,1,Stop Loss Hit,True,10223.019938197853
2023-05-29 13:00:00,2023-05-29 13:00:00,SHORT,1.1490627114055811,1.145910051245993,191.55086598274042,93.68604734253684,1.0,BEARISH,1.6460441189585537,59,Take Profit Hit,True,10414.570804180594
2023-06-01 01:00:00,2023-06-01 01:00:00,SHORT,1.1451787959971123,1.147247029082995,-238.5309130871642,-114.51787959971122,1.0,BEARISH,1.669979171157665,19,Stop Loss Hit,False,10176.03989109343
2023-06-01 22:00:00,2023-06-01 22:00:00,SHORT,1.1470187484335466,1.1486162763215808,-233.4421707978366,-114.70187484335466,0.95,BEARISH,1.6921397983594524,4,Stop Loss Hit,False,9942.597720295593
2023-06-02 03:00:00,2023-06-02 03:00:00,LONG,1.1496283579478448,1.1512410877863988,127.62911255725227,64.18298122266675,0.8999999999999999,BULLISH,1.70337832819029,15,Take Profit Hit,True,10070.226832852844
2023-06-02 20:00:00,2023-06-02 20:00:00,LONG,1.153006874972795,1.1552174444749068,129.4543424413506,64.27578275546989,0.8999999999999999,BULLISH,1.7071286223531428,6,Take Profit Hit,True,10199.681175294196
2023-06-03 05:00:00,2023-06-03 05:00:00,SHORT,1.1535959693305977,1.1559826405052462,-235.3262218455312,-115.35959693305978,1.0,BEARISH,1.685983318835846,4,Stop Loss Hit,False,9964.354953448665
2023-06-03 11:00:00,2023-06-03 11:00:00,SHORT,1.1540696341201768,1.151818773908078,181.80978941974342,91.23008477172876,1.0,BEARISH,1.6061825916285757,8,Take Profit Hit,True,10146.164742868408
2023-06-03 20:00:00,2023-06-03 20:00:00,SHORT,1.1508155061351624,1.153106417586166,-233.52727427789694,-115.08155061351624,1.0,BEARISH,1.6247063910995292,5,Stop Loss Hit,False,9912.637468590512
2023-06-04 07:00:00,2023-06-04 07:00:00,SHORT,1.1517914603951878,1.148665692512645,127.82847840451583,64.4775312370482,1.0,BEARISH,1.622647868404627,6,Take Profit Hit,True,10040.465946995027
2023-06-04 14:00:00,2023-06-04 14:00:00,SHORT,1.1496310036078041,1.1438325282264379,540.628379714336,269.22474642530835,1.0,BEARISH,1.5738171035398256,16,Take Profit Hit,True,10581.094326709364
2023-06-05 07:00:00,2023-06-05 07:00:00,SHORT,1.143437784627127,1.1446612560520597,-241.97646111726436,-114.3437784627127,1.0,BEARISH,1.5137493454017439,1,Stop Loss Hit,False,10339.1178655921
2023-06-05 10:00:00,2023-06-05 10:00:00,SHORT,1.141950946650392,1.1452256389860185,-236.13530868285758,-114.1950946650392,1.0,BEARISH,1.5201110501686403,18,Stop Loss Hit,False,10102.982556909243
2023-06-06 09:00:00,2023-06-06 09:00:00,SHORT,1.1431968071991745,1.1409221389436515,206.35133358189307,102.12396805573678,1.0,BEARISH,1.5026337705035908,3,Take Profit Hit,True,10309.333890491136
2023-06-06 13:00:00,2023-06-06 13:00:00,SHORT,1.1388944274686592,1.1365270147637785,144.3815890959469,70.02469346206644,1.0,BEARISH,1.5217248421094733,1,Take Profit Hit,True,10453.715479587083
2023-06-06 15:00:00,2023-06-06 15:00:00,SHORT,1.137022687060273,1.1330995100305912,312.2300877227205,149.33928914193743,1.0,BEARISH,1.5288663697117435,21,Take Profit Hit,True,10765.945567309804
2023-06-07 13:00:00,2023-06-07 13:00:00,SHORT,1.1310988521781684,1.1298095153109564,108.73431311904248,50.49919323817138,1.0,BEARISH,1.419441609529391,1,Take Profit Hit,True,10874.679880428846
2023-06-07 15:00:00,2023-06-07 15:00:00,SHORT,1.1299313893045386,1.126621566160336,421.62406240003946,193.8558500277493,1.0,BEARISH,1.430362194415523,11,Take Profit Hit,True,11296.303942828887
2023-06-08 03:00:00,2023-06-08 03:00:00,SHORT,1.1252936520618586,1.1234940208244326,123.49662761495433,54.66240472989061,1.0,BEARISH,1.411895684009169,4,Take Profit Hit,True,11419.80057044384
2023-06-08 08:00:00,2023-06-08 08:00:00,SHORT,1.1227781848997263,1.1198387146896185,266.1841255077574,116.54499737792354,1.0,BEARISH,1.406191449098106,40,Take Profit Hit,True,11685.984695951598
2023-06-10 01:00:00,2023-06-10 01:00:00,SHORT,1.1194013992229912,1.117520245530104,189.19212107355892,80.94830089033968,1.0,BEARISH,1.389466451982502,12,Take Profit Hit,True,11875.176817025156
2023-06-10 14:00:00,2023-06-10 14:00:00,SHORT,1.1171430733713195,1.1140056815005441,277.08458778927525,116.66545772692231,1.0,BEARISH,1.4255684547828948,12,Take Profit Hit,True,12152.261404814431
2023-06-11 03:00:00,2023-06-11 03:00:00,SHORT,1.114121081896057,1.1162124348374378,-270.7818124763111,-111.41210818960572,1.0,BEARISH,1.4850320233898957,10,Stop Loss Hit,False,11881.47959233812
2023-06-12 00:00:00,2023-06-12 00:00:00,SHORT,1.118862540015308,1.1202136268850762,-265.87484871646956,-111.8862540015308,1.0,BEARISH,1.5895541426024213,26,Stop Loss Hit,False,11615.60474362165
2023-06-13 06:00:00,2023-06-13 06:00:00,SHORT,1.1199742797383765,1.1226385087961557,-260.1835711292665,-111.99742797383763,1.0,BEARISH,1.6422267148009755,31,Stop Loss Hit,False,11355.421172492384
2023-06-14 15:00:00,2023-06-14 15:00:00,LONG,1.1218917366977097,1.12617069573936,654.3196637503726,288.10893660880254,1.0,BULLISH,1.6666479739130509,10,Take Profit Hit,True,12009.740836242758
2023-06-15 02:00:00,2023-06-15 02:00:00,LONG,1.1293516168775604,1.1242987550535608,-271.2644046338245,-112.93516168775604,1.0,BULLISH,1.69379430673789,10,Stop Loss Hit,False,11738.476431608933
2023-06-15 13:00:00,2023-06-15 13:00:00,SHORT,1.1242789441689558,1.1202094838139225,480.11211431266247,204.50359001438824,0.95,BEARISH,1.622435888779578,13,Take Profit Hit,True,12218.588545921595
2023-06-16 03:00:00,2023-06-16 03:00:00,SHORT,1.1186544365214395,1.1153914428144072,325.2205984954152,133.0843563776315,1.0,BEARISH,1.567217662057763,11,Take Profit Hit,True,12543.80914441701
2023-06-16 15:00:00,2023-06-16 15:00:00,SHORT,1.1156030383306228,1.1175001198119494,-279.87823187502136,-111.5603038330623,1.0,BEARISH,1.53862449894066,1,Stop Loss Hit,False,12263.930912541988
2023-06-16 19:00:00,2023-06-16 19:00:00,SHORT,1.1168581325969236,1.119882636183833,-273.9414195455866,-111.68581325969235,1.0,BEARISH,1.5076085490433593,11,Stop Loss Hit,False,11989.989492996401
2023-06-17 10:00:00,2023-06-17 10:00:00,SHORT,1.1183898243915338,1.1198882625868785,-268.1896448705716,-111.83898243915338,1.0,BEARISH,1.558410941868792,3,Stop Loss Hit,False,11721.79984812583
2023-06-17 16:00:00,2023-06-17 16:00:00,SHORT,1.11934076839276,1.1218353104983538,-262.4137689789461,-111.93407683927603,1.0,BEARISH,1.5394143661604136,17,Stop Loss Hit,False,11459.386079146883
2023-06-18 12:00:00,2023-06-18 12:00:00,SHORT,1.1214984780031945,1.122799447341343,-257.03368093228454,-112.14984780031946,1.0,BEARISH,1.5473036764826844,1,Stop Loss Hit,False,11202.352398214598
2023-06-18 16:00:00,2023-06-18 16:00:00,SHORT,1.121102518907737,1.1183494153540634,323.1983235175471,144.25466724696932,1.0,BEARISH,1.5311189898896909,44,Take Profit Hit,True,11525.550721732145
2023-06-20 14:00:00,2023-06-20 14:00:00,LONG,1.1190551453050679,1.117716052420796,-257.9545367525779,-111.90551453050679,1.0,BULLISH,1.775439083747756,8,Stop Loss Hit,False,11267.596184979568
2023-06-21 03:00:00,2023-06-21 03:00:00,LONG,1.118694674845855,1.114960881384389,-252.0999970090023,-111.8694674845855,1.0,BULLISH,1.8096807816001197,10,Stop Loss Hit,False,11015.496187970566
2023-06-21 14:00:00,2023-06-21 14:00:00,SHORT,1.1151305792746071,1.1173051705285277,-245.6743329017769,-111.51305792746071,0.8999999999999999,BEARISH,1.7780291307381,5,Stop Loss Hit,False,10769.821855068789
2023-06-21 20:00:00,2023-06-21 20:00:00,LONG,1.115731868314574,1.115867224463211,240.32466919542065,111.5731868314574,0.8999999999999999,BULLISH,1.7640753254900947,1,Stop Loss Hit,True,11010.14652426421
2023-06-21 22:00:00,2023-06-21 22:00:00,SHORT,1.1149517354830347,1.111812013484439,314.26288193265253,142.7151224736558,1.0,BEARISH,1.7446309684031163,15,Take Profit Hit,True,11324.409406196863
2023-06-22 16:00:00,2023-06-22 16:00:00,LONG,1.1131414453491206,1.1111180723703986,-252.11338908278304,-111.31414453491206,0.95,BULLISH,1.7276125927267798,5,Stop Loss Hit,False,11072.29601711408
2023-06-23 03:00:00,2023-06-23 03:00:00,SHORT,1.111149292886824,1.1138858733936614,-246.05947780099822,-111.11492928868243,0.8,BEARISH,1.724502598299509,7,Stop Loss Hit,False,10826.236539313082
2023-06-23 13:00:00,2023-06-23 13:00:00,LONG,1.1145093440499374,1.1106075426368907,-241.31883567918575,-111.45093440499375,0.8999999999999999,BULLISH,1.7552784621320658,10,Stop Loss Hit,False,10584.917703633897
2023-06-24 00:00:00,2023-06-24 00:00:00,SHORT,1.1098768661833929,1.107581700800277,209.97705884302894,99.18691137813094,0.95,BEARISH,1.7077669648001157,4,Take Profit Hit,True,10794.894762476926
2023-06-24 05:00:00,2023-06-24 05:00:00,SHORT,1.1074337350188113,1.1094030619225501,-239.09261251889652,-110.74337350188112,1.0,BEARISH,1.6878075654003053,13,Stop Loss Hit,False,10555.80214995803
2023-06-24 22:00:00,2023-06-24 22:00:00,SHORT,1.1120350839155124,1.1123391835915613,-234.76844659248252,-111.20350839155124,1.0,BEARISH,1.58389617163881,2,Stop Loss Hit,False,10321.033703365547
2023-06-25 02:00:00,2023-06-25 02:00:00,SHORT,1.1114062411770158,1.1137771137977508,-229.41722546637595,-111.14062411770158,1.0,BEARISH,1.6037525056899586,2,Stop Loss Hit,False,10091.616477899172
2023-06-25 08:00:00,2023-06-25 08:00:00,SHORT,1.1114764236632104,1.1081282553883258,245.4883466632596,121.62984354433388,1.0,BEARISH,1.5439112403464261,12,Take Profit Hit,True,10337.104824562432
2023-06-25 21:00:00,2023-06-25 21:00:00,SHORT,1.10747296161711,1.1100699592634173,-228.96128189209347,-110.74729616171099,1.0,BEARISH,1.5488529631358379,5,Stop Loss Hit,False,10108.143542670337
2023-06-26 07:00:00,2023-06-26 07:00:00,SHORT,1.1075577096917772,1.1051038658294008,161.88267577745793,80.07537442166768,1.0,BEARISH,1.529586598767824,5,Take Profit Hit,True,10270.026218447796
2023-06-26 14:00:00,2023-06-26 14:00:00,SHORT,1.1062113947587493,1.1062734098441602,-227.2164005463612,-110.62113947587493,1.0,BEARISH,1.520091981519768,1,Stop Loss Hit,False,10042.809817901434
2023-06-26 19:00:00,2023-06-26 19:00:00,SHORT,1.102900281777923,1.1006765182139013,114.2732284423325,56.89305608408467,1.0,BEARISH,1.5018820100832364,3,Take Profit Hit,True,10157.083046343767
2023-06-26 23:00:00,2023-06-26 23:00:00,SHORT,1.1001673426733827,1.0966762815164948,232.42167234415578,114.41359260512314,1.0,BEARISH,1.4927338843238074,6,Take Profit Hit,True,10389.504718687922
2023-06-27 06:00:00,2023-06-27 06:00:00,SHORT,1.0980497640242628,1.0995711794635612,-228.16386409368474,-109.80497640242626,0.95,BEARISH,1.4825128168801185,15,Stop Loss Hit,False,10161.340854594237
2023-06-28 01:00:00,2023-06-28 01:00:00,SHORT,1.097892432873938,1.0951186906436121,265.60998980723963,130.69632915972386,1.0,BEARISH,1.4621439851740963,17,Take Profit Hit,True,10426.950844401475
2023-06-28 19:00:00,2023-06-28 19:00:00,SHORT,1.0937353458459398,1.0970482228833476,-228.08649375840125,-109.37353458459398,1.0,BEARISH,1.5193462843585486,9,Stop Loss Hit,False,10198.864350643074
2023-06-29 10:00:00,2023-06-29 10:00:00,SHORT,1.099086211996377,1.0943168477416327,562.4312057950693,275.73227099525354,1.0,BEARISH,1.575669154457855,14,Take Profit Hit,True,10761.295556438145
2023-06-30 01:00:00,2023-06-30 01:00:00,SHORT,1.094786555767986,1.0966097547608864,-235.62643395668496,-109.47865557679859,1.0,BEARISH,1.58530631208477,5,Stop Loss Hit,False,10525.66912248146
2023-06-30 12:00:00,2023-06-30 12:00:00,SHORT,1.0992599792915074,1.1013550944899417,-231.40893643216458,-109.92599792915074,1.0,BEARISH,1.6053961613694867,34,Stop Loss Hit,False,10294.260186049296
2023-07-01 23:00:00,2023-07-01 23:00:00,LONG,1.1029124184480084,1.0994185958182332,-227.07334795857346,-110.29124184480084,1.0,BULLISH,1.5645157933512364,47,Stop Loss Hit,False,10067.186838090722
2023-07-03 23:00:00,2023-07-03 23:00:00,SHORT,1.0994139449050362,1.1017187118162914,-221.36011191522758,-109.94139449050363,1.0,BEARISH,1.5994128268832424,24,Stop Loss Hit,False,9845.826726175494
2023-07-05 06:00:00,2023-07-05 06:00:00,SHORT,1.1039982868625495,1.1003513167251537,382.8010309783393,194.3976070392589,1.0,BEARISH,1.6483446198954501,27,Take Profit Hit,True,10228.627757153832
2023-07-06 10:00:00,2023-07-06 10:00:00,SHORT,1.1001192303610836,1.1024589155884492,-225.05420191700182,-110.01192303610836,1.0,BEARISH,1.608348541965652,23,Stop Loss Hit,False,10003.57355523683
2023-07-07 21:00:00,2023-07-07 21:00:00,SHORT,1.104811560888542,1.1049748137802027,-221.04127428049085,-110.4811560888542,1.0,BEARISH,1.4982329357591209,9,Stop Loss Hit,False,9782.532280956339
2023-07-08 11:00:00,2023-07-08 11:00:00,SHORT,1.1059446628117122,1.1073495744364417,-216.37878729813897,-110.59446628117122,1.0,BEARISH,1.56168897401677,31,Stop Loss Hit,False,9566.1534936582
2023-07-09 22:00:00,2023-07-09 22:00:00,SHORT,1.1062826598106192,1.1086762928112155,-211.6573946224168,-110.6282659810619,1.0,BEARISH,1.6473064382951992,12,Stop Loss Hit,False,9354.496099035783
2023-07-10 14:00:00,2023-07-10 14:00:00,SHORT,1.1081050304578737,1.1059075742027606,129.08395185603194,68.99567357205765,1.0,BEARISH,1.6616669424477009,14,Take Profit Hit,True,9483.580050891815
2023-07-11 05:00:00,2023-07-11 05:00:00,SHORT,1.1075474148317324,1.1087127744252179,-210.07029137430038,-110.75474148317323,1.0,BEARISH,1.5943581699047495,4,Stop Loss Hit,False,9273.509759517514
2023-07-11 15:00:00,2023-07-11 15:00:00,SHORT,1.1072734011960992,1.10395727966411,222.46794640116428,119.94808447408101,1.0,BEARISH,1.648918085412399,7,Take Profit Hit,True,9495.977705918678
2023-07-11 23:00:00,2023-07-11 23:00:00,SHORT,1.1002276461386216,1.1053212283700766,-208.9547439833547,-110.02276461386215,1.0,BEARISH,1.6632155043357495,16,Stop Loss Hit,False,9287.022961935323
2023-07-12 20:00:00,2023-07-12 20:00:00,SHORT,1.1043932499912394,1.1054581211756909,-205.13050943350035,-110.43932499912393,1.0,BEARISH,1.5775882543004374,22,Stop Loss Hit,False,9081.892452501823
2023-07-13 21:00:00,2023-07-13 21:00:00,SHORT,1.104956636160023,1.1063060974408918,-200.7019466856703,-110.49566361600229,1.0,BEARISH,1.5669910987895728,30,Stop Loss Hit,False,8881.190505816152
2023-07-15 14:00:00,2023-07-15 14:00:00,SHORT,1.1077308163086241,1.1098447143619108,-196.75936817600257,-110.77308163086241,1.0,BEARISH,1.534275720960469,18,Stop Loss Hit,False,8684.43113764015
2023-07-16 12:00:00,2023-07-16 12:00:00,SHORT,1.1075645801193608,1.1057404918164453,121.95891626847413,70.21698619952122,1.0,BEARISH,1.5245848491370932,19,Take Profit Hit,True,8806.390053908623
2023-07-17 08:00:00,2023-07-17 08:00:00,SHORT,1.107317445621335,1.1031764575570036,946.6822640042685,537.4973503382885,1.0,BEARISH,1.5307580102179217,14,Take Profit Hit,True,9753.07231791289
2023-07-17 23:00:00,2023-07-17 23:00:00,SHORT,1.1016798359375084,1.0985054001154109,202.0313507936097,103.57318402251087,1.0,BEARISH,1.6152561049073866,15,Take Profit Hit,True,9955.1036687065
2023-07-18 17:00:00,2023-07-18 17:00:00,LONG,1.09822379363042,1.0961376011044877,-218.6586343406193,-109.822379363042,1.0,BULLISH,1.5950598980134065,2,Stop Loss Hit,False,9736.445034365881
2023-07-18 20:00:00,2023-07-18 20:00:00,SHORT,1.0962510622629227,1.0929303748658612,330.1592111132241,169.5481307334915,1.0,BEARISH,1.5974040339271283,33,Take Profit Hit,True,10066.604245479106
2023-07-20 06:00:00,2023-07-20 06:00:00,SHORT,1.0937198493901694,1.0948825599637155,-220.20089758471698,-109.37198493901694,1.0,BEARISH,1.6344959221139317,7,Stop Loss Hit,False,9846.40334789439
2023-07-20 15:00:00,2023-07-20 15:00:00,SHORT,1.0925083876576103,1.0951879488522915,-215.1455649166919,-109.25083876576103,1.0,BEARISH,1.6313534459225576,8,Stop Loss Hit,False,9631.257782977696
2023-07-21 07:00:00,2023-07-21 07:00:00,SHORT,1.094265731824433,1.0927830550586737,88.05767676956391,45.71452594966216,1.0,BEARISH,1.6323138525349643,4,Take Profit Hit,True,9719.31545974726
2023-07-21 12:00:00,2023-07-21 12:00:00,SHORT,1.093464768983901,1.0952682860626506,-212.5545806774839,-109.3464768983901,1.0,BEARISH,1.5566082995235795,2,Stop Loss Hit,False,9506.760879069776
2023-07-21 19:00:00,2023-07-21 19:00:00,SHORT,1.094449005551448,1.0918350754844626,168.1075061677404,88.4147125956688,1.0,BEARISH,1.539601347461852,22,Take Profit Hit,True,9674.868385237516
2023-07-22 18:00:00,2023-07-22 18:00:00,SHORT,1.0926004004350744,1.0935256192144232,-211.41530143734306,-109.26004004350744,1.0,BEARISH,1.5640712995776795,22,Stop Loss Hit,False,9463.453083800174
2023-07-24 01:00:00,2023-07-24 01:00:00,SHORT,1.0953023426631094,1.0972328200709758,-207.30684664737515,-109.53023426631094,1.0,BEARISH,1.5082946316407895,8,Stop Loss Hit,False,9256.146237152798
2023-07-24 10:00:00,2023-07-24 10:00:00,LONG,1.0980901159844592,1.10138514384275,227.73810737378926,123.01993807081519,1.0,BULLISH,1.458918065364736,32,Take Profit Hit,True,9483.884344526587
2023-07-25 22:00:00,2023-07-25 22:00:00,SHORT,1.0979137782398556,1.0952237270648189,179.64682048354695,94.71162550987145,1.0,BEARISH,1.5752064359529514,6,Take Profit Hit,True,9663.531165010134
2023-07-26 05:00:00,2023-07-26 05:00:00,SHORT,1.095472353041028,1.0975799890425029,-211.72262448037918,-109.5472353041028,1.0,BEARISH,1.6002374860080124,4,Stop Loss Hit,False,9451.808540529755
2023-07-26 15:00:00,2023-07-26 15:00:00,SHORT,1.0986426709867618,1.1004014497154488,-207.68320361246197,-109.86426709867618,1.0,BEARISH,1.5777521324934,6,Stop Loss Hit,False,9244.125336917294
