prediction,actual,correct,prob_up,confidence
0,1,False,0.4193482693977569,0.7999999999999999
0,0,True,0.3064195414023998,0.7
0,0,True,0.3522544835808304,0.7999999999999999
0,0,True,0.42292594150013996,0.7999999999999999
1,0,False,0.6256698515053319,0.7999999999999999
1,1,True,0.619943559222714,0.95
0,0,True,0.4700899539947097,0.95
0,0,True,0.4538808349615721,0.95
0,0,True,0.4283402216103448,0.95
1,1,True,0.5277499590032767,0.95
0,1,False,0.19391428669278893,0.7999999999999999
0,1,False,0.05486857388667292,0.7999999999999999
0,1,False,0.13660160155594583,0.7999999999999999
0,0,True,0.19340102530641937,0.95
1,0,False,0.5053588264019553,0.95
0,1,False,0.413869478638825,0.95
0,1,False,0.16319284307528967,0.95
0,0,True,0.23781007164045354,0.95
0,0,True,0.14859738006622944,0.95
0,1,False,0.4332119046032437,0.85
0,0,True,0.28998889449042037,0.7999999999999999
0,1,False,0.25351386303521434,0.7999999999999999
0,1,False,0.2238230917411602,0.7999999999999999
0,1,False,0.22933231096894408,0.7999999999999999
0,1,False,0.29449960387221064,0.7999999999999999
0,0,True,0.33439962520696637,0.7
1,0,False,0.5932728279537265,0.7999999999999999
1,1,True,0.5274778253700605,0.7999999999999999
0,1,False,0.3492973518371253,0.7999999999999999
1,0,False,0.5179443130709595,0.7999999999999999
1,1,True,0.6585410765218114,0.7999999999999999
1,1,True,0.5020373631680987,0.7999999999999999
0,0,True,0.3691299059007369,0.95
0,1,False,0.31464557859418607,0.95
1,0,False,0.5738668785303517,0.95
1,1,True,0.5497326691059865,0.7999999999999999
1,1,True,0.8334596484596299,0.95
1,0,False,0.8548942014858838,0.95
1,1,True,0.7619525239907318,0.95
1,1,True,0.6200614330987989,0.95
1,0,False,0.5515823227949955,0.85
1,1,True,0.5606368450130621,0.85
0,0,True,0.3532325827339458,0.85
1,1,True,0.5349972112694161,0.7
0,0,True,0.49365973433609184,0.7
0,1,False,0.15736892188393262,0.85
0,0,True,0.19935907790780252,0.85
0,0,True,0.33242136906706504,0.75
0,1,False,0.20411030389056636,0.95
0,0,True,0.23137363950613457,0.95
0,0,True,0.2554850287127193,0.95
0,0,True,0.3968743086721783,0.95
0,0,True,0.46051914617639306,0.95
1,0,False,0.8285983033557581,0.95
0,0,True,0.26815049017339915,0.95
0,1,False,0.23024475551499993,0.7999999999999999
0,0,True,0.2690257172558211,0.7999999999999999
0,1,False,0.193151080990288,0.7999999999999999
0,0,True,0.1442275252850556,0.7999999999999999
0,1,False,0.35740575039380396,0.7999999999999999
0,0,True,0.14518636151067282,0.95
0,1,False,0.18158033524380238,0.95
0,0,True,0.14118581324951293,0.95
0,0,True,0.21279971597102257,0.95
0,1,False,0.16740417883562705,0.95
0,0,True,0.15125142143417228,0.95
0,0,True,0.35721653135086223,0.95
0,0,True,0.1510680825459175,0.95
0,1,False,0.361144883447731,0.95
0,1,False,0.273657908094105,0.85
0,1,False,0.06061076296619534,0.7
0,0,True,0.35066539802561497,0.7
0,1,False,0.30158122070446275,0.7
1,1,True,0.5491960623713752,0.7
1,0,False,0.5580018332081758,0.7
0,1,False,0.48032915509483215,0.7
0,0,True,0.4582733442371488,0.7
1,0,False,0.5438014042998935,0.7999999999999999
0,0,True,0.3592837969915317,0.7
0,0,True,0.4229081856622575,0.7
1,1,True,0.5568849941012408,0.7
1,1,True,0.5446961609864395,0.7
0,1,False,0.42635799479296943,0.7999999999999999
1,1,True,0.6687292542282892,0.7999999999999999
1,1,True,0.6202308297597026,0.7999999999999999
0,0,True,0.2958862588930931,0.7999999999999999
0,1,False,0.16409285234593582,0.7999999999999999
0,0,True,0.3618488402437037,0.7999999999999999
0,1,False,0.2751156526081357,0.7999999999999999
0,1,False,0.3127532362172417,0.7999999999999999
0,1,False,0.23035009213260926,0.7999999999999999
0,0,True,0.2720686750504605,0.7999999999999999
0,1,False,0.3723810787592843,0.7999999999999999
0,0,True,0.2909019987915174,0.7999999999999999
0,0,True,0.2972134629583869,0.7999999999999999
0,1,False,0.23541983498264174,0.7999999999999999
0,0,True,0.2893504825810056,0.7999999999999999
1,0,False,0.5387126796477406,0.7999999999999999
1,1,True,0.6467079054277078,0.7999999999999999
1,0,False,0.6153124500161814,0.7999999999999999
1,0,False,0.5952846815117574,0.7999999999999999
0,0,True,0.3092777043920651,0.7999999999999999
0,1,False,0.3421567828804081,0.7999999999999999
0,1,False,0.25948581571331997,0.95
0,1,False,0.18310335881836506,0.95
0,0,True,0.3232242900638137,0.95
0,1,False,0.22666628727655438,0.95
0,0,True,0.1013223074722551,0.95
0,0,True,0.18219785143824496,0.95
0,0,True,0.13418852733562675,0.95
0,0,True,0.12930913537593686,0.95
0,1,False,0.2687932778405518,0.95
0,1,False,0.16676848361490593,0.95
0,1,False,0.1791365685650584,0.95
0,0,True,0.24361585611763997,0.95
1,0,False,0.6046924866134723,0.95
1,0,False,0.595645646960152,0.95
1,1,True,0.6331244746933747,0.95
0,0,True,0.47690451088245606,0.85
1,1,True,0.6265136415699165,0.7
1,0,False,0.8123233973798568,0.7
1,1,True,0.6900272020151997,0.7999999999999999
0,1,False,0.32277017938924973,0.7999999999999999
0,0,True,0.4115024243241441,0.7999999999999999
1,1,True,0.5374145923583377,0.7999999999999999
0,1,False,0.29735201058442823,0.7999999999999999
1,0,False,0.5010321087009049,0.7999999999999999
1,1,True,0.729064573596029,0.7999999999999999
1,1,True,0.8175456943587718,0.7999999999999999
1,1,True,0.5573442748025494,0.7999999999999999
0,0,True,0.268434368444878,0.6
0,0,True,0.3919291439110626,0.7
1,0,False,0.7236610450103446,0.7999999999999999
1,0,False,0.7608804704240919,0.7999999999999999
1,0,False,0.6550237127093651,0.7999999999999999
0,0,True,0.3208926289833396,0.7999999999999999
0,0,True,0.44305930511018143,0.95
0,1,False,0.29581614561372344,0.95
0,0,True,0.2649459601268132,0.7999999999999999
0,1,False,0.32422203821555473,0.7999999999999999
0,1,False,0.35792276247102595,0.7999999999999999
0,0,True,0.3347122334079616,0.7999999999999999
0,0,True,0.4720487958171893,0.7
0,0,True,0.4021241520074188,0.7
0,1,False,0.4677328762600328,0.7
0,1,False,0.3391515435389623,0.7
0,0,True,0.26547045887051796,0.7
0,1,False,0.2581020823968445,0.7
0,0,True,0.1688442687863541,0.7
0,0,True,0.19855827930872208,0.7
0,1,False,0.18458620576945783,0.7
0,0,True,0.3112433482239167,0.7
0,1,False,0.3861737972421281,0.7
0,1,False,0.31696741505382203,0.7999999999999999
1,0,False,0.6565257324322781,0.5
1,1,True,0.5240046822431607,0.7
0,0,True,0.34953727280654645,0.7
1,1,True,0.6986654792621462,0.7
1,0,False,0.6577190615025239,0.7
1,0,False,0.6943093456499654,0.7
1,0,False,0.5573657542180848,0.7
0,0,True,0.4880655777495743,0.7
1,0,False,0.7383270211779458,0.7999999999999999
0,0,True,0.28351526380080966,0.7999999999999999
1,1,True,0.6228660158533489,0.7999999999999999
0,1,False,0.4039689208745857,0.7999999999999999
1,1,True,0.514421857461883,0.7999999999999999
1,1,True,0.7177015467461487,0.7999999999999999
0,1,False,0.318579764210181,0.7999999999999999
0,1,False,0.43934002077250817,0.7999999999999999
0,0,True,0.2831305500975296,0.7999999999999999
0,0,True,0.17730725176189985,0.7999999999999999
0,1,False,0.27976562266445415,0.7999999999999999
0,0,True,0.3150256487732251,0.7999999999999999
1,0,False,0.6173818609977242,0.7999999999999999
0,1,False,0.47758653364075176,0.7
0,0,True,0.34217067810489343,0.7
1,1,True,0.66569061443767,0.7999999999999999
0,1,False,0.4858632489908848,0.7999999999999999
1,1,True,0.7382665917720634,0.7999999999999999
1,1,True,0.6752476155031478,0.7999999999999999
1,0,False,0.7640892188245764,0.7999999999999999
1,0,False,0.6470250709027291,0.7999999999999999
1,1,True,0.7679976599665314,0.7999999999999999
1,0,False,0.5610379184406055,0.7999999999999999
0,0,True,0.44040871679466814,0.7
0,1,False,0.19424268398700378,0.7999999999999999
1,0,False,0.5014235670943892,0.7999999999999999
0,1,False,0.4489785543141602,0.7999999999999999
0,0,True,0.376197152990247,0.7999999999999999
0,0,True,0.48840782476427086,0.7999999999999999
0,1,False,0.41970372258204974,0.7999999999999999
1,1,True,0.5199257949084168,0.7999999999999999
0,0,True,0.3948506776707655,0.7999999999999999
0,0,True,0.4155481195834843,0.7999999999999999
0,1,False,0.4263501460135025,0.7999999999999999
1,1,True,0.5076808632592528,0.7999999999999999
0,0,True,0.28267032512354645,0.7999999999999999
0,0,True,0.30144186708175985,0.7999999999999999
0,0,True,0.21885777255630806,0.7999999999999999
0,0,True,0.33438282977329814,0.7999999999999999
0,0,True,0.3806046473235711,0.7
1,1,True,0.7961063702614469,0.7
1,1,True,0.6550324185010431,0.7
1,1,True,0.8010771376651423,0.7
1,1,True,0.817261060012734,0.6
1,1,True,0.7046889262180274,0.7
0,0,True,0.373061959802721,0.7
1,0,False,0.6539787561819724,0.7
1,1,True,0.735406011131809,0.7999999999999999
1,1,True,0.7421833484847925,0.7999999999999999
1,0,False,0.718954690650158,0.7
1,1,True,0.5271971531149746,0.7999999999999999
0,1,False,0.17708708381044375,0.95
0,1,False,0.30682176886617096,0.75
0,0,True,0.4782629402383499,0.7999999999999999
1,0,False,0.7908090475568997,0.7999999999999999
1,1,True,0.6391510862966955,0.7999999999999999
1,0,False,0.8312626651432037,0.7999999999999999
1,0,False,0.8362991264200009,0.7999999999999999
1,0,False,0.7826577261337969,0.7999999999999999
1,1,True,0.595156649616296,0.7999999999999999
1,1,True,0.8145533472470394,0.7999999999999999
0,1,False,0.42589076362068623,0.7999999999999999
0,0,True,0.25678764623902905,0.7999999999999999
0,0,True,0.19653218677236486,0.7999999999999999
0,0,True,0.4411041610984233,0.7999999999999999
1,1,True,0.5480115876524051,0.7999999999999999
1,0,False,0.7641944592145644,0.7999999999999999
0,1,False,0.4427100223181972,0.7999999999999999
0,1,False,0.49724591015685404,0.7999999999999999
0,1,False,0.49510466427985117,0.7999999999999999
0,0,True,0.4988289016500044,0.7999999999999999
1,1,True,0.5606934410085438,0.7999999999999999
0,1,False,0.2967694687977797,0.7999999999999999
1,0,False,0.6931252814199995,0.7999999999999999
1,1,True,0.6920858256453603,0.7999999999999999
1,0,False,0.5930984537592243,0.7999999999999999
1,0,False,0.8883546401238396,0.7999999999999999
1,1,True,0.6650966496363898,0.7999999999999999
1,0,False,0.6476563466137542,0.95
0,0,True,0.3843413094657635,0.95
0,1,False,0.2851323366307385,0.7999999999999999
0,1,False,0.3791014815201707,0.7999999999999999
1,0,False,0.6137881466556355,0.6
0,0,True,0.36808017204662336,0.7999999999999999
0,0,True,0.12629443224019662,0.7999999999999999
0,1,False,0.4528448401736977,0.7999999999999999
0,1,False,0.3675274107151287,0.7
0,1,False,0.40843915203273545,0.7
0,0,True,0.3989280910813676,0.6
0,1,False,0.13097495389600983,0.7
0,0,True,0.2549633109975576,0.7999999999999999
0,1,False,0.28374370843557134,0.7999999999999999
0,0,True,0.17963490184104633,0.7
0,0,True,0.35657822909729564,0.95
1,1,True,0.6989658779378126,0.95
1,0,False,0.6930146330372865,0.95
1,0,False,0.6033308510328654,0.95
1,1,True,0.7843247051277857,0.7999999999999999
1,1,True,0.6316047977407754,0.7999999999999999
1,0,False,0.7238410697769954,0.7999999999999999
1,0,False,0.7307730279225152,0.7999999999999999
1,0,False,0.5989198991195683,0.7999999999999999
1,1,True,0.6850081483348716,0.7999999999999999
0,0,True,0.49713563153101714,0.7999999999999999
1,1,True,0.7565425022392286,0.7999999999999999
1,1,True,0.6618704527223802,0.7999999999999999
1,0,False,0.6577614769824084,0.7
1,1,True,0.6783957781781744,0.7
0,0,True,0.38226972454932057,0.7
0,0,True,0.36691437975723673,0.7
1,0,False,0.6145094198260737,0.7
1,1,True,0.5665100217580429,0.7
1,1,True,0.7601988816151828,0.7
1,1,True,0.5766014506573562,0.6
1,1,True,0.6153666223436034,0.6
0,0,True,0.47483295021728994,0.5
0,1,False,0.4101074016704061,0.6
0,1,False,0.2058290224271842,0.7999999999999999
0,1,False,0.26356557599593794,0.7
0,1,False,0.1271299982926403,0.95
0,1,False,0.48063448640971623,0.75
0,1,False,0.2029144961263954,0.75
0,0,True,0.22584833514523714,0.95
0,1,False,0.2153411499411655,0.95
0,1,False,0.34213551439982937,0.95
0,0,True,0.12886378490835268,0.95
0,1,False,0.23518751219023276,0.95
0,1,False,0.24444397281785923,0.95
0,1,False,0.229266731646246,0.95
0,1,False,0.15819139110542232,0.95
0,0,True,0.24278307810382277,0.85
0,1,False,0.09628968408977917,0.95
0,1,False,0.4425806203484044,0.95
0,0,True,0.3102653171693891,0.85
0,0,True,0.3874004106089341,0.95
0,0,True,0.443485433508977,0.95
0,1,False,0.42003419000060277,0.95
1,0,False,0.5563247097533317,0.95
1,1,True,0.5421250669032577,0.85
0,0,True,0.3192178205495204,0.85
0,1,False,0.3185772379471286,0.95
1,0,False,0.6113359438095708,0.95
0,0,True,0.4253709886364179,0.7999999999999999
1,1,True,0.7274789299787034,0.6
1,0,False,0.5535562056591806,0.7999999999999999
1,0,False,0.7764808696019614,0.7999999999999999
1,1,True,0.8433878883963237,0.7
0,0,True,0.40492553179326424,0.7999999999999999
1,1,True,0.7963802888655088,0.85
1,0,False,0.5195785083321387,0.95
0,0,True,0.2570319991487995,0.85
0,0,True,0.32914604853454843,0.95
0,0,True,0.3646429704852404,0.85
1,0,False,0.5623995243992068,0.95
1,0,False,0.7149619201666882,0.85
1,1,True,0.5948230248366682,0.95
0,0,True,0.37321077357861343,0.95
1,1,True,0.5332905987382696,0.95
0,1,False,0.34878475438736417,0.95
0,0,True,0.3306291188754483,0.95
0,0,True,0.40577927622769605,0.95
0,0,True,0.4562324549459302,0.95
1,1,True,0.5224249698506013,0.95
1,1,True,0.5163395774540819,0.95
1,0,False,0.6516374625967494,0.95
1,1,True,0.8177755174473536,0.95
1,0,False,0.5869149888401181,0.95
0,0,True,0.4972584541599987,0.95
0,0,True,0.2419287485871501,0.95
1,1,True,0.5854500612016299,0.75
1,1,True,0.734539196802243,0.75
1,0,False,0.5552642338715118,0.85
1,0,False,0.8532654293437214,0.95
1,0,False,0.7070706001972614,0.95
1,0,False,0.6834857428412683,0.75
1,1,True,0.8891632159293558,0.85
1,0,False,0.7637427022399239,0.95
1,0,False,0.713101480061283,0.85
0,0,True,0.43773351083639944,0.95
1,1,True,0.5329638298506614,0.95
1,1,True,0.7121622909293456,0.95
0,1,False,0.4962184221882695,0.95
0,1,False,0.49664924908509817,0.95
0,1,False,0.36254997128127714,0.95
1,1,True,0.6982278727799814,0.95
0,0,True,0.4804829413500084,0.95
1,0,False,0.7861954845705619,0.95
0,1,False,0.4178036801445016,0.95
0,1,False,0.46858588003268237,0.95
0,0,True,0.308690295769772,0.7999999999999999
1,1,True,0.5621389730241416,0.7999999999999999
1,0,False,0.5109088790606467,0.7999999999999999
0,0,True,0.152771363025458,0.7999999999999999
0,0,True,0.3432848029142102,0.7999999999999999
0,1,False,0.1563288932553238,0.7999999999999999
0,0,True,0.19397704511311073,0.7999999999999999
1,0,False,0.5817176861278223,0.7999999999999999
0,1,False,0.3157504523412665,0.7999999999999999
1,1,True,0.5837528903980784,0.7999999999999999
0,1,False,0.4436690868819213,0.7999999999999999
0,0,True,0.4106316657472349,0.7999999999999999
0,1,False,0.36814357709176343,0.95
0,0,True,0.19627318745569503,0.95
1,1,True,0.5559083934735712,0.95
1,1,True,0.639702535977913,0.95
1,0,False,0.6162777228529996,0.95
1,0,False,0.5196470801065952,0.95
0,1,False,0.4987371490911126,0.95
1,0,False,0.7876089004717819,0.7999999999999999
1,0,False,0.697372502171664,0.7999999999999999
0,1,False,0.38819661239005027,0.7999999999999999
1,0,False,0.7819175100657232,0.7
1,1,True,0.7955861975895948,0.7
1,0,False,0.6506776675984933,0.7999999999999999
1,0,False,0.6279076801278043,0.7999999999999999
0,1,False,0.423776579283574,0.7999999999999999
1,1,True,0.578645894451085,0.7999999999999999
1,1,True,0.5554883433622636,0.7
1,1,True,0.6278407754535021,0.7999999999999999
0,0,True,0.18849346391809615,0.7
0,1,False,0.47489510244117344,0.7999999999999999
0,1,False,0.34025257840876766,0.7999999999999999
0,1,False,0.11246853666608381,0.95
0,1,False,0.1516266721856645,0.95
0,0,True,0.29419601915011234,0.95
0,1,False,0.1734239140107401,0.95
0,0,True,0.2510519393208141,0.95
0,1,False,0.10073749403685708,0.95
0,0,True,0.1312943902764117,0.95
0,1,False,0.2247777821482401,0.95
0,0,True,0.13992205684437217,0.95
0,1,False,0.39660539464099254,0.95
1,0,False,0.5094050768304926,0.95
0,1,False,0.2217202477131274,0.95
0,1,False,0.324899314597949,0.95
0,0,True,0.32433885661087175,0.85
0,0,True,0.4774704949863571,0.85
0,0,True,0.45472963491811824,0.85
1,1,True,0.8359599243881772,0.85
1,0,False,0.8880291284024642,0.85
0,0,True,0.2725135629759557,0.7
0,1,False,0.1748522588572375,0.7
0,0,True,0.3495035805125513,0.7
1,1,True,0.5534682110606599,0.7
0,1,False,0.37771623560649226,0.7
1,1,True,0.5497003049697148,0.5
0,0,True,0.3104718930610924,0.6
0,0,True,0.18042912913545273,0.7
0,1,False,0.15299374952183226,0.7
1,0,False,0.5316865267585286,0.7
1,1,True,0.5167478520226548,0.7
1,1,True,0.6986623661111635,0.7999999999999999
0,0,True,0.2353870866618202,0.5
0,0,True,0.44823681587249514,0.6
0,0,True,0.40185013443145134,0.7
0,1,False,0.4526407872627509,0.7999999999999999
1,1,True,0.5124271542674121,0.95
1,1,True,0.501933060085982,0.95
0,1,False,0.30236364572144725,0.95
0,0,True,0.4483391182362654,0.75
0,1,False,0.3155054304693337,0.85
0,0,True,0.4074583425447785,0.95
0,1,False,0.30013047620236805,0.95
0,1,False,0.35376503120957936,0.95
0,0,True,0.4688345650948504,0.85
0,0,True,0.3467812365605406,0.95
0,1,False,0.29730226174825414,0.85
0,0,True,0.4427720976300087,0.95
0,0,True,0.379806610036771,0.95
0,1,False,0.2407754056408011,0.95
0,1,False,0.2604727489386519,0.7999999999999999
0,0,True,0.4943444955989538,0.7999999999999999
1,0,False,0.548056376974508,0.7999999999999999
0,1,False,0.26506252221694476,0.7999999999999999
0,0,True,0.1519000538677439,0.7999999999999999
0,1,False,0.23809375921402914,0.7999999999999999
0,1,False,0.42842826692991526,0.7999999999999999
0,0,True,0.14045119397769038,0.7999999999999999
0,1,False,0.3513352624733331,0.75
1,1,True,0.6716578465708986,0.75
0,0,True,0.49501157488855235,0.95
0,0,True,0.35999457060415213,0.95
0,1,False,0.14888832906755964,0.85
0,0,True,0.42593718326534663,0.85
1,1,True,0.7015293794747365,0.7
1,1,True,0.557122956732217,0.7
0,0,True,0.39352949156597594,0.7
1,1,True,0.5418568522326248,0.7
1,0,False,0.7575545022864983,0.7
1,0,False,0.8773846491535374,0.7
0,0,True,0.4917115401401344,0.6
1,1,True,0.5887472399493527,0.5
1,0,False,0.598826087937934,0.6
1,1,True,0.7186298803412438,0.6
1,0,False,0.785664589581998,0.6
1,1,True,0.6197987690133631,0.7
0,0,True,0.330634683424022,0.95
0,0,True,0.443964285863683,0.95
1,1,True,0.761503693678638,0.75
1,0,False,0.6328226630637559,0.85
1,1,True,0.7793535256322798,0.95
0,0,True,0.41794168907769874,0.95
1,1,True,0.5709314621115436,0.95
0,0,True,0.3773621948436675,0.95
0,1,False,0.4208166278337109,0.95
0,1,False,0.4192000771689867,0.95
1,0,False,0.6097768753008614,0.95
0,1,False,0.37380473638141204,0.95
0,0,True,0.40529753612901276,0.85
1,1,True,0.6837779998669187,0.85
1,1,True,0.6089293568318024,0.85
0,1,False,0.1429911845459848,0.7
0,0,True,0.2740962052840269,0.6
0,1,False,0.2906842137753212,0.7
0,0,True,0.16877155502628516,0.7
0,1,False,0.4110350837321177,0.7999999999999999
1,1,True,0.6337547515352047,0.7
1,1,True,0.5065450836796189,0.7999999999999999
0,0,True,0.2587305206051879,0.95
0,1,False,0.23693561954801978,0.95
0,1,False,0.24786016242234485,0.95
0,1,False,0.491903391133889,0.95
0,0,True,0.41684453203799166,0.75
0,0,True,0.14742933143859926,0.75
1,1,True,0.5376581801833046,0.95
0,1,False,0.3965633745681095,0.95
1,0,False,0.5216863846408458,0.95
1,0,False,0.5294942050820622,0.85
1,0,False,0.5173370723011529,0.95
1,0,False,0.6907560424845414,0.85
1,0,False,0.8561998379272591,0.95
1,0,False,0.8128285307186786,0.7999999999999999
1,1,True,0.8064286747816543,0.6
1,1,True,0.7219336982237332,0.7999999999999999
1,1,True,0.8499908215929354,0.7999999999999999
0,0,True,0.4507196343109525,0.7999999999999999
1,1,True,0.5285853273416983,0.7999999999999999
0,0,True,0.2695124032296609,0.7999999999999999
0,1,False,0.1663676188855458,0.7999999999999999
0,0,True,0.3861651011144105,0.7
1,0,False,0.7452664421659752,0.7999999999999999
1,1,True,0.779732010468202,0.7
1,1,True,0.6403255269329431,0.7999999999999999
1,0,False,0.7513736877588216,0.7999999999999999
1,0,False,0.5514867567617657,0.7999999999999999
0,0,True,0.23144296245779997,0.7999999999999999
1,1,True,0.5283606159275207,0.7999999999999999
1,1,True,0.5466961939073218,0.7
1,1,True,0.5062565216625966,0.7
0,1,False,0.4518960331649343,0.7
0,0,True,0.47476779441983197,0.7
0,0,True,0.19947471028701141,0.7
1,1,True,0.6250603259525755,0.7
0,1,False,0.12064775782524954,0.7
1,1,True,0.6311081576531291,0.7
1,0,False,0.6687689233863965,0.6
0,0,True,0.3740476604516314,0.7
0,0,True,0.36755536855906895,0.7
1,1,True,0.7454596050657947,0.7999999999999999
1,1,True,0.5995920015856182,0.7999999999999999
1,0,False,0.5076102832083405,0.7999999999999999
0,1,False,0.4418444274303239,0.7999999999999999
0,1,False,0.4712684470888402,0.7999999999999999
0,1,False,0.24244498919951224,0.7999999999999999
1,1,True,0.5950763050327313,0.5
0,1,False,0.2381954802422144,0.6
0,1,False,0.37795663115943,0.65
0,1,False,0.39280347197720517,0.65
0,1,False,0.2822690085336305,0.85
1,1,True,0.539493679575328,0.85
0,1,False,0.20569189073238042,0.75
0,0,True,0.22840156049929822,0.85
0,1,False,0.3859528374531729,0.95
0,0,True,0.2424101461859703,0.95
0,0,True,0.24146979352209585,0.85
0,0,True,0.46566906206635533,0.95
0,0,True,0.30389289748368403,0.95
0,1,False,0.4605991125272207,0.95
1,1,True,0.6772790897317224,0.95
0,1,False,0.2332469309789222,0.85
0,0,True,0.1981707815925993,0.95
1,1,True,0.6282601434712589,0.85
0,1,False,0.3016645093269875,0.75
0,0,True,0.35554359144607095,0.85
0,1,False,0.3813629557742866,0.85
1,1,True,0.5558743797274798,0.75
0,0,True,0.3373978451454922,0.85
0,1,False,0.444748980873585,0.95
0,0,True,0.33645127668280367,0.95
0,1,False,0.2094234922795068,0.95
0,1,False,0.1699194432694143,0.95
0,1,False,0.31359424911281286,0.85
0,1,False,0.37181760658844293,0.75
1,0,False,0.7541647061253985,0.85
0,1,False,0.21487755377518458,0.95
0,0,True,0.25158164013876544,0.95
1,0,False,0.6221458571697763,0.95
1,1,True,0.8435891957536108,0.95
1,1,True,0.6611396548157521,0.95
1,1,True,0.6022363915536724,0.95
1,1,True,0.7367639339127839,0.65
1,0,False,0.5617443179743318,0.75
0,0,True,0.4994190283059663,0.85
0,1,False,0.424012172191252,0.95
1,0,False,0.7596383038358799,0.85
1,0,False,0.8363906504272834,0.95
1,0,False,0.6955643681671035,0.95
1,0,False,0.6727512419017299,0.95
1,1,True,0.903603595624683,0.95
1,1,True,0.7514651204926373,0.7999999999999999
1,1,True,0.6829392179729356,0.7999999999999999
0,0,True,0.4613109382503626,0.7999999999999999
1,1,True,0.6631926342123297,0.7999999999999999
1,1,True,0.6240377366174118,0.7999999999999999
0,0,True,0.3466729513177068,0.7999999999999999
1,0,False,0.6824695311890288,0.7999999999999999
0,1,False,0.451356415622386,0.7999999999999999
0,0,True,0.3370830503597931,0.6
1,1,True,0.5329207747555381,0.7999999999999999
0,0,True,0.28761814136204283,0.7999999999999999
0,1,False,0.4370539068847684,0.6
1,0,False,0.5789408517344701,0.7999999999999999
1,1,True,0.7477746176922172,0.7999999999999999
0,1,False,0.4359294035382514,0.85
1,0,False,0.6613055118130663,0.85
0,0,True,0.4575606821914616,0.95
1,0,False,0.6024405770930263,0.95
1,0,False,0.7158425435040283,0.95
1,0,False,0.8334926039421189,0.85
1,0,False,0.7889751622322956,0.85
1,0,False,0.5136020061227979,0.85
1,1,True,0.6170018490355859,0.6
0,1,False,0.44903244091908645,0.7999999999999999
0,0,True,0.27555053236275984,0.7
0,1,False,0.1983894391368177,0.7999999999999999
0,1,False,0.24939945282496462,0.7999999999999999
0,0,True,0.21614467550160865,0.85
