prediction,actual,correct,prob_up,confidence,perfect_condition
0,0,True,0.2728274647809279,0.7139997285590892,0.8252802963252086
1,0,False,0.714765460725259,0.49561744415431186,0.523940239598795
1,1,True,0.5630192553002488,0.60990312043219,0.8172736675029153
1,1,True,0.8690885462084785,0.4945713935990227,0.3901689512484794
1,1,True,0.7950250607201397,0.49510557907042774,0.4544150609119199
1,0,False,0.75261124674034,0.4776621136377742,0.465850522276529
1,1,True,0.5034492171247252,0.3309076493395652,0.4697687415210429
0,0,True,0.42903247425197616,0.527225930591847,0.6923505930614752
1,0,False,0.5136854678822691,0.553364874996177,0.7787908489525937
1,0,False,0.7688445215637828,0.5642599933865706,0.5756475434975727
0,0,True,0.370903566441687,0.6438736185432358,0.8091653691546401
1,1,True,0.6189604227906317,0.5664714146575643,0.7072788014045506
1,1,True,0.5946778558535096,0.5082258869527697,0.6448845334866629
1,1,True,0.621009589136989,0.3577339155648338,0.4073259458323435
0,0,True,0.4664080330800445,0.39062596766482743,0.5292439821612203
1,0,False,0.6063244286929634,0.35202098493998774,0.411751896748871
0,0,True,0.36402359437524884,0.5399294410199087,0.6547765680643687
0,1,False,0.33351967736836013,0.5115096745082182,0.5880306870417633
1,0,False,0.7994785640212231,0.5417655221201944,0.5172548338678007
1,1,True,0.5999592719297437,0.42663290347104715,0.5237962004474299
1,0,False,0.847621057836358,0.6548200330587843,0.6374962833670994
1,1,True,0.7523270991560532,0.5173236963461788,0.5227534812179241
1,1,True,0.7137213076309863,0.4920959983330552,0.5198045910778049
1,0,False,0.525028083423271,0.5133341076575771,0.7118817965765922
1,1,True,0.8550998965331095,0.7176661624093031,0.7208660349849108
1,1,True,0.5285923871229675,0.38195946787854024,0.5211486222925139
1,0,False,0.645314310649248,0.4994638266857293,0.5889646289945436
0,1,False,0.4153311339109094,0.4143889047248346,0.5194108358162575
0,1,False,0.47085397044883065,0.37707752524636384,0.5136998678795175
0,1,False,0.16604097061899112,0.59142834503123,0.5586470391466067
1,0,False,0.5957413839640524,0.4484088531176701,0.5585200324846267
0,0,True,0.1384951012357191,0.6039179068799492,0.552878525173401
1,0,False,0.5412352083524947,0.4834287410047374,0.6552680228474865
1,0,False,0.5862362995146987,0.5780144076642499,0.7518180399363297
1,0,False,0.7473575140017983,0.49414836786198657,0.4939055135155823
1,0,False,0.8255586977935059,0.5760968454018526,0.5439451810367845
1,0,False,0.5943403068747914,0.40809623069275147,0.5021314950969666
1,1,True,0.8804887782254991,0.63055639826816,0.5746616161898008
1,0,False,0.5050228335392388,0.5636836086628536,0.8009570121990147
1,1,True,0.7942172162859147,0.666997406534455,0.7006672525184376
1,1,True,0.717728409978201,0.47277650680406424,0.4887706583102053
1,0,False,0.5545423268923411,0.5278715653580937,0.7073516703181273
0,0,True,0.3515624382951717,0.6755379367029223,0.8378219995428933
0,0,True,0.36010522863606614,0.6393881674791472,0.7935018638011242
1,1,True,0.6405648568662103,0.6678168332509734,0.8335398844732105
1,1,True,0.68298411190281,0.5883989286461678,0.6837263735778312
1,0,False,0.8409473105799025,0.5856323851151111,0.5443771410959566
1,1,True,0.6714298041378582,0.44761284608910995,0.49250709086627864
1,0,False,0.5716833415332087,0.3821935203948945,0.48454787924995624
1,0,False,0.840386514083881,0.6228391826259857,0.5980103916795102
1,1,True,0.7089849575772894,0.7127621428350215,0.8391016689837827
1,0,False,0.757094704885884,0.7151781683804259,0.8013162077841365
1,1,True,0.770114868148654,0.6096471682072947,0.6393974961687175
1,1,True,0.7529259493589352,0.4868655438057832,0.4787285345577459
1,0,False,0.6782944121571441,0.47708085388115745,0.5287202951241015
1,1,True,0.6356510286752538,0.40295169537598785,0.4593729688154794
1,0,False,0.5164333519977053,0.55457805161497,0.7781686291662098
1,1,True,0.6952285111189997,0.4350433853206058,0.4541518266417228
1,0,False,0.7536580818342702,0.6639870005046289,0.7311316448629526
1,0,False,0.9039310743106751,0.5723568078962162,0.47142594758544465
1,0,False,0.744763163203243,0.6669553088880835,0.7429963013801968
1,0,False,0.6528942357745704,0.38213354999936583,0.41485286933517657
1,0,False,0.6646556600691415,0.4336210603254258,0.47832523469134425
1,0,False,0.8834897489794432,0.7405828982258913,0.7292700697688934
1,1,True,0.6099821845410646,0.5863089474359379,0.7433137667304273
1,1,True,0.8113889637391614,0.6608427044460266,0.6771561802893282
1,1,True,0.6617518751610554,0.41703342126703047,0.4571175659577104
1,1,True,0.7521475965014857,0.4911015300558276,0.48544710307848027
1,1,True,0.7334809504701845,0.4787601313698905,0.4838165158396855
1,1,True,0.7244116941182979,0.47059766232046923,0.4799294940707008
1,0,False,0.5399767631607921,0.4009478713459497,0.5385168763563921
0,0,True,0.2945811713778695,0.5001524066515,0.5384301563974595
0,1,False,0.3137580992449046,0.5188642519696899,0.5815987307380466
0,0,True,0.34462415151054904,0.6181727699109637,0.7499246583104188
0,0,True,0.3861971324561739,0.4347244945248696,0.52348967714082
1,1,True,0.5597797790117323,0.4011745368633842,0.5218666706519213
1,0,False,0.8363323811402639,0.5319966510475197,0.4717103176619448
1,1,True,0.8505980560534764,0.49819950331922047,0.4112009566959066
1,1,True,0.7682806441345763,0.49418822879574975,0.47602834616429146
1,1,True,0.6367098922808695,0.457051943207651,0.5357514397701848
0,1,False,0.41577312640372766,0.4707656401014204,0.60032787991951
1,0,False,0.7076513319759619,0.5021944958879283,0.5394338524319303
1,0,False,0.6937159339324118,0.44964743968943816,0.4763112561857016
1,1,True,0.5458731435583972,0.36817723225356264,0.48664763731217764
0,0,True,0.21435780581587516,0.75002101910895,0.826622432283536
1,0,False,0.6624397446262489,0.4278501195899809,0.47198038973461665
1,1,True,0.6634940522424241,0.4721095517637216,0.5343044577403817
1,0,False,0.6837956933167586,0.48444295933635023,0.5345222047804216
1,1,True,0.8572433105341177,0.5953149001166713,0.5442413054231439
1,0,False,0.8975754948562623,0.5742179581350426,0.4795323731732647
1,0,False,0.8117541715752314,0.5671918916422047,0.543056269567237
1,1,True,0.8055382419969808,0.5587472199270975,0.5363203924698701
1,1,True,0.8273601241673051,0.5756470801839572,0.541758579547963
1,0,False,0.7314057724450936,0.5247603671192771,0.5513098623603157
1,0,False,0.840989567025752,0.5393900323444872,0.4782804173271944
0,1,False,0.3375410652773487,0.682702576008095,0.8360388788207205
1,1,True,0.8341117423314426,0.4894691148036603,0.4128600991497068
1,0,False,0.7953737064472025,0.6002441455419111,0.6043141738194137
1,0,False,0.7224745037676925,0.4832442356407478,0.4996564762573319
1,0,False,0.6209712046278871,0.3992435757577625,0.46665836140147177
1,0,False,0.7166280296760946,0.5019181359709393,0.5313447402361179
0,0,True,0.32751798251952313,0.6726875047892028,0.8131404204298811
1,1,True,0.5506651678431209,0.3892876868982395,0.51269798027481
1,1,True,0.787091897434211,0.4407900770060065,0.38362134077925697
1,1,True,0.8497899777673175,0.6074314371100964,0.5679392149281512
1,1,True,0.6926411495351644,0.614130242970516,0.7122079332134534
1,1,True,0.5233393783729574,0.318595814621443,0.4351316965680979
0,0,True,0.4393705506994164,0.39203734430293957,0.5080852496036992
0,0,True,0.2677522031210787,0.6262649432764065,0.6955946644986483
1,1,True,0.6202128423564713,0.39926809973618144,0.46734342046042665
1,1,True,0.7262405236156285,0.5283563302223333,0.5608743086470802
1,0,False,0.5503038228015725,0.5004732098746669,0.6718441659910335
1,1,True,0.60534921342543,0.32451157420543153,0.3732886373573908
1,1,True,0.5192129923891033,0.474774270375153,0.66178067848813
1,1,True,0.6613072717481417,0.4550185828633055,0.5117631711634578
1,0,False,0.6020962800207976,0.4162422854551756,0.5071207392038529
0,0,True,0.37924359955630565,0.34466042814518594,0.38886655411281335
1,1,True,0.5615001485468312,0.39352071385443466,0.5094580353233371
0,0,True,0.32714284049394626,0.49778431879234447,0.5629571758410176
1,0,False,0.6543373742646826,0.37372267644678536,0.40160035983996545
1,0,False,0.5712224840289776,0.6249028697934951,0.8316705419658694
0,1,False,0.49449966436189213,0.3752302618680717,0.5313286578360099
1,1,True,0.685411378978115,0.5518178744132082,0.6293872100376274
0,1,False,0.49441304315336004,0.4948320096437713,0.7021140507654104
1,0,False,0.5213291214406978,0.34243566536378406,0.47091170357052203
0,0,True,0.42960609289717205,0.3221137755913806,0.3998249018995484
1,0,False,0.5113679299622692,0.44415676357852363,0.6247657222873745
1,1,True,0.5832960866560821,0.5665498011217301,0.7379602130401156
0,0,True,0.31106116127906774,0.4559900369610816,0.48946676246931753
0,1,False,0.36765033847732087,0.4645714877634185,0.5502309869283015
1,1,True,0.5094324178579466,0.5285372559745579,0.7469682932282715
1,1,True,0.8802050684423826,0.6983354631485462,0.6717320315473096
1,0,False,0.5321360856063951,0.38857263600629693,0.5275585494892284
0,1,False,0.4849424756973158,0.326717948629028,0.45383347721059636
0,1,False,0.14402340784004514,0.529281715409368,0.45099394301913587
0,0,True,0.351264129888056,0.4872681885309924,0.5686095235197515
1,1,True,0.7466536541871552,0.6414826397436174,0.7049863531876062
1,0,False,0.5359579246808104,0.35334257498080496,0.4739540288175982
1,0,False,0.8644712664801152,0.657811820524071,0.6273272294800027
1,1,True,0.698364038385712,0.407862891073888,0.41263495434637254
1,0,False,0.7122807290451876,0.6713818965469044,0.7771620844568455
1,0,False,0.8207502137416126,0.5256329016751867,0.4759753906145988
1,1,True,0.5660393714359534,0.573966719402492,0.7633472807727428
1,1,True,0.886872766837533,0.6041716846624821,0.5314971779428033
0,0,True,0.18901484699655743,0.7593101496328218,0.8181700826153662
1,0,False,0.6336731715109154,0.5872529901089836,0.7243558388606206
0,0,True,0.2408557209943917,0.4776196217317582,0.4601900776119904
1,1,True,0.7347752956574886,0.6761075636905571,0.7646319804229487
1,1,True,0.7105389932114183,0.6278171996375463,0.7164197195867077
0,1,False,0.46049282471880926,0.6001557140649597,0.8235020127089219
0,0,True,0.4830819104792612,0.38147838372825116,0.5304679000225827
0,1,False,0.08283410589123914,0.6096559677913547,0.5133663304658547
0,0,True,0.30070310547971846,0.590049034352742,0.6721012823436759
0,1,False,0.3070773748785202,0.48598883343676785,0.5289075119484
1,0,False,0.6119764316439416,0.4450799564205624,0.5398487106202822
1,0,False,0.6025305900981051,0.4915204341977261,0.6142886859126616
1,1,True,0.5237381278634289,0.48362674672017775,0.6705483857173149
0,0,True,0.3874553679685628,0.35822611959326456,0.41528477196343183
0,0,True,0.4737528599377068,0.3848102301798944,0.5272313516321694
1,1,True,0.7879968010309663,0.5536256932437644,0.5440394466074068
0,1,False,0.3406437822605295,0.6072021592111656,0.7308406122392619
0,0,True,0.49881725678585914,0.3389423886076271,0.48318963239877516
0,0,True,0.3127032252205508,0.40358651223540704,0.41601206766819643
1,0,False,0.5518310898412164,0.49969895803773484,0.6694290059042929
1,1,True,0.7553223042770815,0.6504602909578886,0.7103812977023425
1,0,False,0.6181664699935053,0.4079455657513377,0.48149383393604933
1,1,True,0.5747117458299654,0.49128718592074483,0.637800197746808
1,1,True,0.7799445539778807,0.5333639492467587,0.5219960240857576
1,0,False,0.7628871566226222,0.5294996271760989,0.5310961902893223
1,1,True,0.9062847577659076,0.7351396932985113,0.7019554837699524
0,0,True,0.33401658216394087,0.4699440605598935,0.5290771569403687
1,0,False,0.6998229123074886,0.4403036745062903,0.4577284673168531
1,0,False,0.5260626947261895,0.3518909584205408,0.480361916549753
1,1,True,0.6481254346895428,0.4542165346436322,0.5219161054712951
1,1,True,0.8867545655738452,0.656806245375488,0.606790722901687
1,1,True,0.6955448493314108,0.6336601215144602,0.7376188741651624
1,1,True,0.7164664269178176,0.6488064126455487,0.7413236521355118
0,0,True,0.3329475286461877,0.44826031486418455,0.4971840457884245
1,1,True,0.527501964971928,0.4401792102286761,0.6052543303507418
0,1,False,0.13173780601532586,0.4711498110311141,0.3574178494861566
0,1,False,0.46518144307987397,0.49216937146929124,0.6732546247388795
0,1,False,0.28438869317390686,0.6357103453900625,0.7233479447062952
0,1,False,0.32691847555293,0.6348156340993125,0.7585238849015293
0,1,False,0.25707998715889924,0.4201556674283085,0.3920052281766401
0,0,True,0.4528686701038909,0.4294341538329437,0.5730790798503975
0,1,False,0.4536679350104974,0.39741533760515735,0.5280229980163654
0,1,False,0.40569861934046797,0.3388706674129452,0.40327119859603716
1,0,False,0.6781333516783941,0.5946021716596178,0.696745943789402
0,1,False,0.4967854715882519,0.3109411294484766,0.44144630343061114
0,1,False,0.36799040066641375,0.601246526183744,0.7457725236908461
1,1,True,0.5089193049901194,0.32710352835112105,0.4596456362243564
1,1,True,0.6177090760272261,0.4006796580881171,0.47150601781683066
0,0,True,0.48425875519552636,0.5213697230201969,0.731321394482161
1,1,True,0.7966450904496993,0.5243696186858349,0.49483223488002187
0,1,False,0.4826794531385594,0.5943104582754317,0.8341687573693821
0,0,True,0.29413399122507644,0.5114433605307147,0.5541767932368009
1,0,False,0.5561697117766864,0.3761040346681324,0.4891460108601723
1,0,False,0.5804710443405119,0.6012919348940597,0.7900132975567894
1,1,True,0.5099688811270247,0.5623163895648873,0.7947643726981035
1,0,False,0.6858182650260805,0.6328908382515676,0.7448569703370276
1,1,True,0.8786604781778974,0.6479519371811256,0.6010795003919818
1,0,False,0.8608158664213782,0.6247797264541392,0.5832717237161603
1,1,True,0.6443275159758888,0.4051558673007918,0.4550847967360836
1,0,False,0.7659867673078117,0.5615112067526916,0.5741702090971494
0,0,True,0.3726293059521391,0.48558997908733925,0.5845250895123182
1,1,True,0.7123590573426981,0.6941318809163431,0.809594923586749
1,0,False,0.5801759384414643,0.5258845970452933,0.6825414771148782
1,0,False,0.7172617770454666,0.4890930963689719,0.51248004305956
1,1,True,0.5526938907518262,0.4259048187239123,0.5632692632468809
0,0,True,0.4422324750497384,0.5554615325652398,0.7440014537072611
1,1,True,0.7656204042318973,0.5420100966746364,0.5466255059078544
1,0,False,0.8675861158851231,0.5546182944647329,0.47723803561951295
1,0,False,0.6678155848499606,0.47583816244161126,0.5359268736166213
1,0,False,0.8105007848062531,0.7568617827901312,0.8150875884376847
1,0,False,0.5550249642634331,0.41308516947312385,0.5429574155929486
1,0,False,0.5103660466397201,0.5871203624654933,0.829858192116659
0,0,True,0.15420885172635496,0.5901917083301784,0.5467385990942735
0,1,False,0.3336662824247312,0.48127767781762987,0.5449677818178122
1,0,False,0.7012431929966032,0.4260710300986713,0.43617873471529917
1,1,True,0.7269504059739346,0.5841006261678148,0.6399005465477916
1,1,True,0.6114000102631676,0.3665286528966749,0.42812663819824914
1,0,False,0.7473283789189229,0.5985656416014297,0.6430980203572514
1,0,False,0.6549713176500238,0.4867756974616034,0.5625612955308416
0,0,True,0.32794981463510087,0.49757645963223124,0.5633519263047025
1,1,True,0.5623327537894975,0.43684981603534323,0.5706430910880639
0,1,False,0.3782206052644658,0.6336792672713132,0.8008737577571324
1,0,False,0.8334802744353458,0.5604491415708064,0.5148013955851414
1,1,True,0.5670851857088862,0.48199861257044874,0.6310678587787386
0,0,True,0.20111523160958986,0.48838001632992406,0.44149879327954006
1,0,False,0.7855990196254548,0.6307302027861701,0.6562439871584247
1,0,False,0.824962239767156,0.5460221846572463,0.5014926297099325
1,1,True,0.542064392713504,0.40570593259393106,0.5435247099511838
1,1,True,0.6373887250415864,0.6648025363907653,0.8319561448083049
0,0,True,0.2533874602532532,0.6058773487999787,0.6541568927884724
1,0,False,0.6734609382073177,0.6581105215836802,0.7914770837989853
1,0,False,0.5596188012917264,0.36370863650913543,0.46848193676299943
1,0,False,0.6850985411281256,0.47687509030204134,0.5225942366073799
0,1,False,0.3174939743632618,0.46878760521817525,0.5132628426230462
0,0,True,0.23395773627162197,0.5039275151824041,0.4918602242076818
1,0,False,0.6363409880216606,0.6422355387841595,0.8006156371016617
1,0,False,0.5482466679946671,0.4913544793741765,0.6605806836819661
0,1,False,0.29342938212136704,0.6360584859288448,0.7315944502880931
0,1,False,0.23863396253350727,0.505529806243255,0.4981574053762278
0,1,False,0.2637180329309901,0.582380690977859,0.6294450153377902
1,1,True,0.5157780814944465,0.5007865531798383,0.7018852918331007
0,1,False,0.18153356295777748,0.56065509705166,0.5279646211804663
1,1,True,0.6780263772497523,0.4769711698012663,0.5287933477877356
1,0,False,0.8015471372340645,0.6385926515066186,0.6538062416659713
1,0,False,0.769973616255518,0.4630666609887778,0.4301178446220958
0,1,False,0.24575105463569094,0.7098645723656802,0.796164578781564
0,1,False,0.4920367863138912,0.3084994901868498,0.43388794567883504
0,0,True,0.41397206153402055,0.44443106456270054,0.5611632878330184
1,1,True,0.5868529165184908,0.5330466166295812,0.6870498095978382
0,0,True,0.3814056451367339,0.3857882863500963,0.4494738191887667
1,0,False,0.8590254638046473,0.7046359910798191,0.6988867325671868
0,0,True,0.4302873162619837,0.450744779878236,0.5841673851934661
1,1,True,0.5553472716811043,0.4222264778126622,0.5557401640057138
1,0,False,0.7564885278073348,0.4444927313105102,0.41514230660872764
1,0,False,0.6811368441031451,0.6257463131728975,0.7386631524443007
1,1,True,0.8720896963921457,0.6262286922081876,0.5756783919612859
1,1,True,0.824749221318465,0.46102517010071387,0.3802509104423356
0,1,False,0.29673913701291366,0.5665496205309154,0.6351330039123766
1,0,False,0.6172195188942139,0.3943773971083452,0.4629224082454527
1,1,True,0.6141999154504053,0.3971130260497921,0.4694186811136413
1,0,False,0.7191659860055378,0.5645985699954804,0.6187128262745111
1,1,True,0.8208033699720442,0.5288343834142107,0.48050337347283467
0,1,False,0.4463683255984438,0.5332439140575059,0.7158070134522461
1,0,False,0.6210096583280544,0.4208409135008423,0.4974787407200138
1,0,False,0.5622623922856418,0.5183512855934125,0.6871340717457535
1,1,True,0.5170215824126881,0.30353642796629726,0.41903354074097776
1,0,False,0.7737976183642253,0.5647498630563872,0.57210184576836
1,0,False,0.8531355589513089,0.692879652538276,0.6871404530964154
1,1,True,0.6855930598441695,0.6168737345262445,0.7221684265996327
1,0,False,0.8544264202658962,0.4966221264253239,0.40566610609398024
1,1,True,0.8928092693454609,0.6284633806427308,0.5611111700506489
0,0,True,0.46920674573998744,0.3457282422386172,0.4675032709751567
1,0,False,0.6935435874564209,0.40202073745359085,0.40842083568534054
0,1,False,0.295232226642762,0.45498696168007896,0.47446613952248023
1,1,True,0.7495158504787884,0.6199764956044665,0.6718099790245622
1,1,True,0.6271453396907392,0.5176835313105178,0.630566182137249
0,1,False,0.3653796559789356,0.4600109452921413,0.5417696269707182
1,0,False,0.5105787132176207,0.4814859661580811,0.6787696260392981
1,1,True,0.5854228004709965,0.4830611150604698,0.6168677639683884
0,1,False,0.4396248644124463,0.5487510756826923,0.7321799919002288
0,1,False,0.2081507556963502,0.6635521831785103,0.6977751951376007
0,1,False,0.3499026073603724,0.4810363354459604,0.558539856945977
0,0,True,0.09565782807395853,0.5931022617640984,0.5007099408692479
1,1,True,0.5055548100362662,0.33041180787554103,0.467255602648259
0,0,True,0.2187792549968224,0.5244130810343416,0.5081151914749071
1,1,True,0.5296136207857918,0.29629014177668117,0.3978885275788659
1,0,False,0.7020785300230802,0.6097415784336887,0.6978492291712008
1,1,True,0.6661170379858897,0.448946106025647,0.4989655474773046
1,0,False,0.5595344744339009,0.5483532671600801,0.7323322607139138
1,1,True,0.8151784198473013,0.4947328925169963,0.43660834372659363
1,0,False,0.5990155491210478,0.5072949509969075,0.6398366021775411
1,1,True,0.5982891698812896,0.4528255543245105,0.5626457891367669
1,1,True,0.773809504734992,0.612976438769177,0.6409867656116883
0,0,True,0.4600079369475784,0.40770503669316543,0.5481568555167321
1,0,False,0.6673539866707058,0.6625193857212156,0.803009991026846
1,0,False,0.7432253178101021,0.5437227174388487,0.568267895361125
1,1,True,0.6539906176281535,0.5076522676857269,0.5932255672983355
1,0,False,0.6054567839147301,0.6792420115439818,0.8799542017073483
1,0,False,0.6393729871910862,0.40486881683518827,0.4589214636007666
0,1,False,0.45720780993936544,0.4846977228676107,0.6557462983303286
1,0,False,0.7772018648905585,0.5798701164252978,0.5907842821299467
1,1,True,0.6565769296082348,0.4633748675045447,0.5277552996280055
1,1,True,0.6273619531935821,0.6527880816129321,0.823387013852547
1,1,True,0.8385498175117608,0.7429823046347739,0.7712177344681677
0,0,True,0.449877000142051,0.3924507788394012,0.5176813984637598
1,0,False,0.672365855013333,0.42842069211060174,0.4642873987180028
1,1,True,0.6526346670578114,0.3754450326957731,0.4055203320872661
1,0,False,0.905022922302701,0.5704744322090161,0.46780096975342206
1,1,True,0.8016708652545399,0.5724638579777064,0.5592304840356892
1,1,True,0.6396870186359721,0.38270267669823776,0.42698637930950645
1,0,False,0.5416417963974257,0.5562269920048069,0.7589170202376451
1,0,False,0.5721522673848899,0.3211797530684667,0.3969834180536182
1,0,False,0.5655045594038213,0.415359805538834,0.5372243855664876
0,1,False,0.4633224407629155,0.2830669748490014,0.3729434847239296
0,1,False,0.48840580580732146,0.2814164821073315,0.3920856651310348
1,1,True,0.5611089750637075,0.5117504010540025,0.67869288002254
0,1,False,0.32960669078703186,0.4094745582117878,0.43891224669143847
0,0,True,0.36712793981957814,0.632761643852089,0.7900548682054798
0,1,False,0.37326343240575754,0.40676941993724036,0.47246782768670703
1,0,False,0.5963069854335624,0.4208310258453308,0.5186383351217048
1,1,True,0.7437702876533769,0.5476891757274894,0.5734671473363762
0,1,False,0.2658374804732374,0.40670275451586513,0.3802932039997251
0,0,True,0.22417421604104493,0.7252295912876183,0.7996201727317791
1,0,False,0.6902436250712276,0.41835545547778147,0.4345846863357785
1,1,True,0.6982387079321817,0.5151793646505178,0.5660516284160126
1,0,False,0.6777436214885474,0.4979206578211963,0.5589635498972398
1,0,False,0.8124105536165261,0.48540363807274756,0.42565329414690267
0,1,False,0.40201914095261077,0.4509766070054563,0.5602687022528896
1,1,True,0.7608023065643837,0.636258854353726,0.6853963863072797
0,0,True,0.47800348976560336,0.32711418636261086,0.44845182888853274
1,0,False,0.8511344909322316,0.7302398124468472,0.7422273112678691
0,1,False,0.30191241817458253,0.5987515760129628,0.6855700384538748
0,0,True,0.4198191389814294,0.6191142181381295,0.8157224307528388
0,1,False,0.3467372130572759,0.4854486940482356,0.5621300312608588
0,1,False,0.4201543879191604,0.4055590011229625,0.5109309055349411
1,0,False,0.7330172374031976,0.5300364409128006,0.557465854958403
0,1,False,0.3105690975829056,0.5039957005718725,0.5576245130308798
0,1,False,0.434866578459758,0.5690211714620905,0.7570587407684934
1,0,False,0.637778915790688,0.4615818304496247,0.5413064013931599
0,0,True,0.31133946860174966,0.6428860467452908,0.7566996112947724
0,1,False,0.4032759715826843,0.43543338200803994,0.5391413785109294
1,0,False,0.6393604611548672,0.41637383186889154,0.47536793596567317
1,1,True,0.6058017410196537,0.5349133268531034,0.6734746889161589
0,1,False,0.45844242150205994,0.504498749305365,0.6850917174380013
1,0,False,0.5568573744781331,0.44145337993582934,0.581912793212785
0,1,False,0.3711701427796209,0.5437460706459076,0.6663545090195431
0,0,True,0.2656120543881283,0.6238050531525745,0.690246122550645
0,0,True,0.42991182166218345,0.5287802605015176,0.695324790712611
0,0,True,0.44795679254817544,0.3889821447128133,0.5110803146310265
0,1,False,0.49467679763288647,0.5516047441615849,0.7834440324875954
0,0,True,0.23280637521523326,0.46844705243694706,0.44018696795155293
1,1,True,0.5612259848419757,0.5732554056888829,0.766456878262425
1,0,False,0.5531676695109196,0.3331621125414988,0.4303735869070673
0,1,False,0.4839621756076796,0.3673036820502308,0.5109728391640551
0,0,True,0.4726859334832189,0.32898154425723625,0.4465615776388108
1,0,False,0.7983923069233247,0.4340226485413964,0.3642675205534308
0,1,False,0.3842683385944067,0.5507314109062591,0.6875605915184331
0,0,True,0.08339424862499101,0.6991805444435667,0.6417387051693734
0,1,False,0.1911207419791025,0.5811312391503993,0.5654338347683726
0,0,True,0.4498590622824985,0.29024997407461217,0.3716648734915875
1,1,True,0.8853885037804999,0.6953736706248284,0.6630579547950406
0,0,True,0.269203879752092,0.7131468041140505,0.8209559028075796
0,1,False,0.1886837075706031,0.46518892844014725,0.39771307568929876
0,1,False,0.34205179016727627,0.6482295043437634,0.7906579692058988
1,0,False,0.6268912628037258,0.547970557230916,0.6740511422124009
0,1,False,0.3129094908346187,0.5075738488308628,0.5647422047594772
1,0,False,0.5301744604620765,0.3223390350534088,0.4346205125373756
1,1,True,0.6461537440413092,0.435508574096095,0.4968804681018707
0,1,False,0.435723731513813,0.47057838023815707,0.6171608844949212
1,1,True,0.7031423540443343,0.5054817274352876,0.5479947357266959
0,0,True,0.23452266421762175,0.557788733127433,0.5692890452257231
1,1,True,0.5848693225602966,0.574820700127054,0.748427295129823
0,0,True,0.1756651251834364,0.5780840352351808,0.5478330147789181
1,1,True,0.9163494902084055,0.709919751316564,0.6573000817021726
0,1,False,0.34865122746919397,0.39878294870414494,0.4399624074080876
1,1,True,0.7536886840085221,0.5499718354412674,0.5682266071945059
1,0,False,0.6957123928036552,0.5339022481475709,0.5949640178076827
1,1,True,0.6937903461202112,0.41011899778498834,0.41977827158980235
0,1,False,0.41804527217868376,0.3983125037923106,0.4987709529993155
0,1,False,0.23133655723544932,0.7458219720114169,0.8351770090752664
0,0,True,0.32428940498987946,0.68039293994283,0.8213808327667967
0,0,True,0.38106964093494095,0.3972260333050507,0.46552545409430757
0,1,False,0.49228530104843854,0.5116529370172297,0.7243201680661328
0,1,False,0.24190884343510918,0.5236606005730886,0.5268655809059346
1,0,False,0.6650025783139704,0.5967651805273635,0.7110909050556875
1,0,False,0.5403687254249732,0.36113102517876455,0.48129969989111526
1,0,False,0.6410510401138985,0.4739252446817508,0.5561351723048739
1,0,False,0.5624291286066427,0.38413001115853823,0.4952464771350752
0,0,True,0.4991137420696782,0.38125238070486983,0.5438866084952525
1,0,False,0.8529513440436783,0.536875042254914,0.46443462261243873
1,1,True,0.6304647261478888,0.5454645858748476,0.6674082145515919
1,1,True,0.5641911053245865,0.5252898066394661,0.6953930620638774
1,1,True,0.7784046007166426,0.5414984845341945,0.5349367487202985
0,0,True,0.28063869395701646,0.4669882561635198,0.4791021036253282
1,1,True,0.6469445078736122,0.36312350087013057,0.39279542306566184
0,0,True,0.4952630233812634,0.3194222310239987,0.45225720721822393
1,1,True,0.7659926139956906,0.6722549986696851,0.7323706146746725
0,0,True,0.43914701535011236,0.39260458569240086,0.5087039927178119
0,0,True,0.48265013733683254,0.2708605675341714,0.3720723570518156
0,1,False,0.32224090823473617,0.4089655341934765,0.4318715416204546
1,1,True,0.770533273352546,0.43078455337563726,0.38352084194872815
1,0,False,0.9242746416562847,0.5607576922395389,0.4374184389225258
1,0,False,0.6861784107850063,0.4333086758804032,0.459430899156285
1,0,False,0.5875260881774105,0.4511705468777861,0.5695069913876284
0,1,False,0.4045298478945648,0.42140695624453756,0.5201783785446806
1,1,True,0.8416500490411619,0.6666116374172572,0.6594594399893714
1,1,True,0.7675621540607347,0.4331657303922457,0.38946919707972133
0,1,False,0.4317227915268975,0.5519671754421726,0.7300012147975874
1,0,False,0.5941978457651148,0.6068937707112253,0.7862500903602236
1,0,False,0.7153143690387616,0.6094288048194421,0.686057404851693
0,1,False,0.41199206806793126,0.541282431674384,0.6978252464502039
0,1,False,0.38895127575481575,0.434042587174414,0.524876218039005
1,1,True,0.6025574019240483,0.42893121997924544,0.5248525411783093
1,0,False,0.5925046699544332,0.596702843505417,0.7731429164753674
0,0,True,0.395094717952581,0.40594366472636567,0.4900007078541633
0,0,True,0.4570116324399623,0.5679523616140725,0.7745133443972142
1,1,True,0.8195966346861517,0.506913033998206,0.4502215045521643
1,1,True,0.5369016508536429,0.36115964197972095,0.48431235923933597
0,0,True,0.31148800868686805,0.47095934507648257,0.5112173575551477
1,1,True,0.7075973950238759,0.38819243473090825,0.37661999673797536
0,1,False,0.3395330724256398,0.41389465943945836,0.45373500413548895
0,1,False,0.26200550407427586,0.49739596016105747,0.50657037515089
0,1,False,0.44790228307687585,0.5282566382703899,0.7099971544521649
0,1,False,0.35652487678209355,0.4217292165283512,0.4794916322822962
0,1,False,0.3971719058093799,0.5864240234234491,0.7496102384415386
0,1,False,0.2545356435718938,0.4451382403200759,0.42551375209030307
0,1,False,0.13240793187550023,0.7005615672129248,0.6857233233403215
0,1,False,0.2571226266952261,0.3923114934600213,0.3522643849673672
0,1,False,0.29474463783055693,0.41600135705650443,0.4183544853640552
0,0,True,0.09600736090026019,0.5269981267222348,0.40657506180341557
0,1,False,0.3788555349568885,0.3444568186182249,0.3882430565605115
0,0,True,0.28993541286207264,0.39052315640495044,0.37783486303170577
0,0,True,0.4554087675774602,0.3468991778974887,0.45734919777709254
0,0,True,0.28495623456950353,0.41301779362806657,0.40570219195681245
0,0,True,0.4326292358234434,0.4782990338726878,0.6255379648096484
1,1,True,0.6987221630708982,0.4525548392033993,0.47617363051551487
0,1,False,0.4558472097071497,0.3221375903967437,0.4223513088871908
1,1,True,0.5417317427581725,0.45815843781220167,0.6187419887961403
0,0,True,0.16665068370120042,0.5743659939552445,0.534794863108521
0,1,False,0.12199791963535513,0.583251142227651,0.5092141342983773
0,1,False,0.11153137304165231,0.5841122645169077,0.50147298334557
0,0,True,0.2892277950782525,0.6615778376441431,0.7644493067015639
0,1,False,0.26840930369336785,0.5784763136028893,0.6278884225984429
0,1,False,0.08413171558725248,0.5968296736888887,0.4961552900589146
0,0,True,0.12418503128383226,0.5626485129591884,0.48165647389926824
1,1,True,0.7239190822958289,0.6313062426436598,0.7099354189516607
0,0,True,0.37097010417397525,0.4627530478902032,0.5504787291351263
0,1,False,0.21175977850335762,0.4300964588741671,0.3673604656802595
0,1,False,0.455489217845831,0.3433165360588964,0.4523000953805643
0,1,False,0.25234539267432254,0.580384337337607,0.6168451042031435
0,1,False,0.3275940972911485,0.6506599669101365,0.7817377504068939
0,0,True,0.3336068428208449,0.41786277332316357,0.45432411287952934
1,1,True,0.7076185421161203,0.3867339722485086,0.3745183528269092
0,0,True,0.33440281369066405,0.46136045960455263,0.5171459254556444
1,0,False,0.6000455106851712,0.5485048551518183,0.6978250696295938
0,1,False,0.4986481676747262,0.31637320575847017,0.450803009090437
0,1,False,0.14386301268052412,0.5051691088894561,0.41640988071110085
0,1,False,0.47449413346797287,0.5866538408337686,0.8162147441636463
0,1,False,0.18090188057968434,0.5424221128699019,0.5013760588824465
0,0,True,0.12784535355610452,0.542055218559208,0.45537490098981537
1,0,False,0.6127016128775189,0.5308522889930879,0.6617590303808236
0,1,False,0.3042248013274215,0.5773653179428863,0.6570002839133418
0,0,True,0.42069124901491045,0.308890323890242,0.3732929618559833
0,0,True,0.19613521404674714,0.49734717636017217,0.45004043541174354
1,0,False,0.6618732364656207,0.627277411309401,0.757362099185755
0,0,True,0.43214234956007136,0.3610910149339452,0.45768060667141147
1,1,True,0.5206350213194714,0.488114556905533,0.6796193487340718
0,1,False,0.2860907233683207,0.4640304203401232,0.4795497919444509
1,1,True,0.6545795806862473,0.4099653390344844,0.45316798660390867
0,0,True,0.40817300759360187,0.5397839343322957,0.6924110555549382
0,1,False,0.09752773726826044,0.6942229660822629,0.6467708692045988
0,1,False,0.3622051309726539,0.41131019639121463,0.46947610710686716
0,0,True,0.3301994665210538,0.6685237606253996,0.8094906293400457
0,0,True,0.1962999647357891,0.49344443992146053,0.44460631251847715
0,1,False,0.4016279327312674,0.5495658468825892,0.7007751521733568
0,0,True,0.16857569893798163,0.5375091861382435,0.48379229357290365
0,1,False,0.1367450478038561,0.531518745947449,0.44795110661394666
0,0,True,0.43893768147360657,0.5146261504338024,0.682841084739952
0,1,False,0.2674306440333544,0.3699033908546996,0.32908825324958896
1,0,False,0.8407095929808827,0.6315570943306327,0.6101876264887187
0,1,False,0.42671326211597344,0.4660319399749002,0.6029427103492633
0,1,False,0.13519356488823084,0.5116384432566292,0.4182208316993825
0,0,True,0.17285322889296725,0.5449432508253857,0.4980788402302373
0,0,True,0.12090104598234298,0.5586601499509973,0.4731439679148617
1,0,False,0.6186455680945707,0.37209139254068807,0.42986293097706524
0,0,True,0.39476466404022903,0.42132318554575815,0.5116885485284223
0,0,True,0.4747928328288704,0.5654708074732023,0.7862092959578922
1,0,False,0.6981735035367148,0.46143034326178867,0.4893232016282283
1,0,False,0.7027328531222273,0.515656982558569,0.562881815264618
1,1,True,0.5215463297984174,0.34964567166826904,0.48102553398459796
0,1,False,0.48678139956950817,0.4123157569024647,0.5776922809202423
0,0,True,0.30394616144718384,0.516246378460946,0.5694486790417949
0,1,False,0.4714308365564957,0.3062221739200082,0.4129723940770081
0,1,False,0.4852600334322221,0.41006154785207505,0.5731679541591548
0,0,True,0.30289523385990397,0.4213848539402736,0.4330314203660228
