entry_date,exit_date,direction,entry_price,exit_price,pnl,pnl_pct,confidence,bars_held,reason,is_winner,balance_after
2023-03-25 11:00:00,2023-03-25 11:00:00,SHORT,1.152608397528841,1.152545690168217,2305.2167950576822,115.26083975288411,1.0,3,Stop Loss,True,12305.216795057682
2023-03-25 17:00:00,2023-03-25 17:00:00,SHORT,1.1512846739349325,1.147446906253252,8169.4436713907635,331.9504161304972,1.0,11,Take Profit,True,20474.660466448448
2023-03-26 05:00:00,2023-03-26 05:00:00,SHORT,1.1479387895459716,1.1490251071332265,-4700.731390443918,-114.79387895459716,1.0,9,Stop Loss,False,15773.92907600453
2023-03-26 16:00:00,2023-03-26 16:00:00,SHORT,1.1482640743406036,1.1500825290224463,-3622.5272138345354,-114.82640743406036,1.0,7,Stop Loss,False,12151.401862169994
2023-03-27 01:00:00,2023-03-27 01:00:00,SHORT,1.14999767457908,1.150852908499375,-2794.816776874279,-114.999767457908,1.0,25,Stop Loss,False,9356.585085295716
2023-03-28 04:00:00,2023-03-28 04:00:00,SHORT,1.1500156182210193,1.1433867658679824,12386.260209533175,661.9006879442975,1.0,17,Take Profit,True,21742.84529482889
2023-03-28 22:00:00,2023-03-28 22:00:00,SHORT,1.143416744129195,1.1436475529964114,-4972.226675023607,-114.34167441291949,1.0,1,Stop Loss,False,16770.618619805282
2023-03-29 01:00:00,2023-03-29 01:00:00,SHORT,1.1432019977678418,1.1441367899402322,-3834.440941992793,-114.32019977678418,1.0,2,Stop Loss,False,12936.17767781249
2023-03-29 09:00:00,2023-03-29 09:00:00,SHORT,1.1469043021100853,1.147935282244018,-2967.3115663087196,-114.69043021100853,1.0,1,Stop Loss,False,9968.86611150377
2023-03-29 14:00:00,2023-03-29 14:00:00,SHORT,1.1493829402397513,1.142703668845247,251503.87677504096,12614.467581464107,1.0,9,Take Profit,True,261472.74288654473
2023-03-30 00:00:00,2023-03-30 00:00:00,SHORT,1.142734119971568,1.1356254810064608,224333.63755263752,428.9809237400661,1.0,61,Take Profit,True,485806.3804391823
2023-04-01 14:00:00,2023-04-01 14:00:00,SHORT,1.1346737963949125,1.1359968857367413,-110246.35400115963,-113.46737963949126,1.0,4,Stop Loss,False,375560.0264380226
2023-04-01 21:00:00,2023-04-01 21:00:00,SHORT,1.1345221631262306,1.1286457850985767,288377.7026979098,383.93024070347883,1.0,43,Take Profit,True,663937.7291359324
2023-04-03 17:00:00,2023-04-03 17:00:00,SHORT,1.1272168918490746,1.1238596195103456,211650.94051976863,159.39065610506665,1.0,17,Take Profit,True,875588.669655701
2023-04-04 11:00:00,2023-04-04 11:00:00,SHORT,1.1252331867256407,1.1246204050808126,197048.28580350976,112.52331867256406,1.0,1,Stop Loss,True,1072636.9554592108
2023-04-04 15:00:00,2023-04-04 15:00:00,SHORT,1.1287362208024774,1.12917353695777,-242144.83667962102,-112.87362208024776,1.0,1,Stop Loss,False,830492.1187795898
2023-04-04 21:00:00,2023-04-04 21:00:00,SHORT,1.1260044186817484,1.1250655635374336,38156.063128265036,22.971959796762107,1.0,3,Take Profit,True,868648.1819078549
2023-04-05 01:00:00,2023-04-05 01:00:00,SHORT,1.1241104320317072,1.1264363218809632,-195291.29660959917,-112.41104320317072,1.0,9,Stop Loss,False,673356.8852982557
2023-04-05 13:00:00,2023-04-05 13:00:00,SHORT,1.1270213137262755,1.127976265098237,-151777.51229509467,-112.70213137262756,1.0,2,Stop Loss,False,521579.37300316105
2023-04-05 17:00:00,2023-04-05 17:00:00,SHORT,1.125194024377403,1.1241724567892324,35053.04840776395,33.60279395821843,1.0,2,Take Profit,True,556632.421410925
2023-04-05 20:00:00,2023-04-05 20:00:00,SHORT,1.1235261171650448,1.1261817198450228,-125078.2126231987,-112.35261171650448,1.0,37,Stop Loss,False,431554.2087877263
2023-04-07 13:00:00,2023-04-07 13:00:00,SHORT,1.1268993899052058,1.126828956101258,97263.63491878251,112.68993899052057,1.0,5,Stop Loss,True,528817.8437065089
2023-04-07 21:00:00,2023-04-07 21:00:00,SHORT,1.1242938664538356,1.1259974171197649,-118909.3316301142,-112.42938664538356,0.95,7,Stop Loss,False,409908.51207639463
2023-04-08 06:00:00,2023-04-08 06:00:00,SHORT,1.125863827287409,1.1260681509217445,-92300.23324880337,-112.58638272874092,0.95,1,Stop Loss,False,317608.2788275913
2023-04-08 13:00:00,2023-04-08 13:00:00,LONG,1.1289966776987552,1.1275945275603951,-71715.73832119409,-112.89966776987552,1.0,3,Stop Loss,False,245892.5405063972
2023-04-08 17:00:00,2023-04-08 17:00:00,SHORT,1.1267749418800144,1.1285948152491427,-55413.11060756495,-112.67749418800143,1.0,5,Stop Loss,False,190479.42989883226
2023-04-09 03:00:00,2023-04-09 03:00:00,SHORT,1.1281882027125576,1.130188363567405,-42979.32913425523,-112.81882027125573,1.0,16,Stop Loss,False,147500.10076457702
2023-04-09 23:00:00,2023-04-09 23:00:00,LONG,1.1313107928547343,1.1301963991026538,-33373.691188425364,-113.13107928547343,0.8999999999999999,1,Stop Loss,False,114126.40957615165
2023-04-10 03:00:00,2023-04-10 03:00:00,SHORT,1.128395838971565,1.1258077757226936,26760.37705553195,117.24007245525365,0.95,9,Take Profit,True,140886.7866316836
2023-04-10 13:00:00,2023-04-10 13:00:00,SHORT,1.125152312382845,1.1270560621134562,-31703.81875256546,-112.51523123828451,1.0,14,Stop Loss,False,109182.96787911812
2023-04-11 05:00:00,2023-04-11 05:00:00,SHORT,1.1269848038085388,1.1277574508092403,-24609.50912689639,-112.69848038085391,1.0,5,Stop Loss,False,84573.45875222173
2023-04-11 13:00:00,2023-04-11 13:00:00,SHORT,1.1296765741451458,1.1288842871742029,19108.131029363132,112.9676574145146,1.0,1,Stop Loss,True,103681.58978158486
2023-04-11 18:00:00,2023-04-11 18:00:00,SHORT,1.1269606639661127,1.1282518888907551,-23369.014652263402,-112.69606639661127,1.0,14,Stop Loss,False,80312.57512932146
2023-04-12 12:00:00,2023-04-12 12:00:00,SHORT,1.128912988786559,1.1299054113227056,-18133.18184527747,-112.8912988786559,1.0,6,Stop Loss,False,62179.39328404398
2023-04-12 23:00:00,2023-04-12 23:00:00,SHORT,1.1313569602726115,1.1324621311109637,-14069.417875486248,-113.13569602726116,1.0,1,Stop Loss,False,48109.97540855773
2023-04-13 06:00:00,2023-04-13 06:00:00,SHORT,1.134896610667123,1.13527933577682,-10919.96960609016,-113.4896610667123,1.0,1,Stop Loss,False,37190.00580246757
2023-04-13 09:00:00,2023-04-13 09:00:00,SHORT,1.1341474034304369,1.1346527172250833,-8435.789702886295,-113.4147403430437,1.0,1,Stop Loss,False,28754.216099581274
2023-04-13 16:00:00,2023-04-13 16:00:00,SHORT,1.1377918903189395,1.1324937496880045,57770.04491723193,1004.5491192867745,1.0,7,Take Profit,True,86524.2610168132
2023-04-14 00:00:00,2023-04-14 00:00:00,SHORT,1.1314832337017187,1.133627811266723,-19580.15012979107,-113.14832337017187,1.0,6,Stop Loss,False,66944.11088702212
2023-04-14 07:00:00,2023-04-14 07:00:00,LONG,1.133782406627335,1.1329108822072969,-15180.011030203023,-113.37824066273348,0.95,1,Stop Loss,False,51764.0998568191
2023-04-14 09:00:00,2023-04-14 09:00:00,SHORT,1.1317274287217134,1.1273448431822513,27749.65930641727,268.0396199602966,1.0,11,Take Profit,True,79513.75916323636
2023-04-14 21:00:00,2023-04-14 21:00:00,SHORT,1.1263226068036827,1.127672685094873,-17911.62889949932,-112.63226068036826,1.0,1,Stop Loss,False,61602.13026373704
2023-04-15 01:00:00,2023-04-15 01:00:00,SHORT,1.126724826672703,1.127820162151326,-13881.72990881568,-112.6724826672703,1.0,9,Stop Loss,False,47720.40035492136
2023-04-15 16:00:00,2023-04-15 16:00:00,SHORT,1.1308900129004813,1.1258412848619856,195791.60337153226,2051.4455234588204,1.0,32,Take Profit,True,243512.0037264536
2023-04-17 01:00:00,2023-04-17 01:00:00,SHORT,1.1266389280803704,1.1275082661497624,-54870.02057061497,-112.66389280803703,1.0,14,Stop Loss,False,188641.98315583862
2023-04-18 00:00:00,2023-04-18 00:00:00,SHORT,1.1304860617896924,1.1278012442958758,51608.03311734109,136.78830198341183,1.0,11,Take Profit,True,240250.0162731797
2023-04-18 12:00:00,2023-04-18 12:00:00,SHORT,1.1294703449714116,1.1232423777371405,620551.0522948377,1291.469324166936,1.0,9,Take Profit,True,860801.0685680173
2023-04-18 22:00:00,2023-04-18 22:00:00,SHORT,1.1237928912966415,1.1245496690073855,-193472.42433545814,-112.37928912966414,1.0,1,Stop Loss,False,667328.6442325593
2023-04-19 02:00:00,2023-04-19 02:00:00,SHORT,1.1249623810272482,1.1261655948548972,-150143.92410870906,-112.49623810272482,1.0,3,Stop Loss,False,517184.72012385016
2023-04-19 07:00:00,2023-04-19 07:00:00,SHORT,1.1248496616012607,1.1260074451382822,-116351.01148333112,-112.48496616012606,1.0,2,Stop Loss,False,400833.70864051906
2023-04-19 16:00:00,2023-04-19 16:00:00,SHORT,1.129713968476118,1.130291841065858,-90565.48793745617,-112.9713968476118,1.0,1,Stop Loss,False,310268.2207030629
2023-04-19 20:00:00,2023-04-19 20:00:00,SHORT,1.130800701481715,1.1312782627585116,-70170.3043237014,-113.08007014817147,1.0,1,Stop Loss,False,240097.91637936147
2023-04-20 05:00:00,2023-04-20 05:00:00,SHORT,1.1344837011746125,1.1353412376473122,-54477.43456367413,-113.44837011746125,1.0,1,Stop Loss,False,185620.48181568735
2023-04-20 07:00:00,2023-04-20 07:00:00,LONG,1.1356495016985897,1.1347705284904643,-42159.961535807495,-113.56495016985897,1.0,2,Stop Loss,False,143460.52027987986
2023-04-20 11:00:00,2023-04-20 11:00:00,SHORT,1.1324151479482594,1.128569731094235,56601.50116683299,197.2720475863605,1.0,32,Take Profit,True,200062.02144671284
2023-04-21 20:00:00,2023-04-21 20:00:00,SHORT,1.1286725767889818,1.1293963844747612,-45160.90345277479,-112.86725767889818,1.0,6,Stop Loss,False,154901.11799393804
2023-04-22 06:00:00,2023-04-22 06:00:00,SHORT,1.1287175030136325,1.1292127993205032,-34967.92062322756,-112.87175030136325,1.0,1,Stop Loss,False,119933.19737071048
2023-04-22 09:00:00,2023-04-22 09:00:00,SHORT,1.1282526927415903,1.129721924081487,-27062.990576522545,-112.82526927415904,1.0,4,Stop Loss,False,92870.20679418794
2023-04-22 16:00:00,2023-04-22 16:00:00,SHORT,1.1300597883225405,1.1308950042051107,-20989.777246262118,-113.00597883225404,1.0,1,Stop Loss,False,71880.42954792581
2023-04-22 18:00:00,2023-04-22 18:00:00,LONG,1.132136317969369,1.1364550090599492,33978.89574759107,236.35707216340342,1.0,5,Take Profit,True,105859.32529551689
2023-04-23 05:00:00,2023-04-23 05:00:00,SHORT,1.1380268435133933,1.1380620159570072,-24094.150764502923,-113.80268435133934,1.0,1,Stop Loss,False,81765.17453101397
2023-04-23 08:00:00,2023-04-23 08:00:00,SHORT,1.1381578407302348,1.1389923191973337,-18612.33489822993,-113.81578407302347,1.0,10,Stop Loss,False,63152.83963278404
2023-04-24 00:00:00,2023-04-24 00:00:00,SHORT,1.1428396735973951,1.1427118211311353,14434.71412653591,114.28396735973949,1.0,1,Stop Loss,True,77587.55375931994
2023-04-24 04:00:00,2023-04-24 04:00:00,SHORT,1.1460267002013427,1.1452997797243853,17783.481642297542,114.60267002013427,1.0,1,Stop Loss,True,95371.03540161748
2023-04-24 15:00:00,2023-04-24 15:00:00,SHORT,1.14581872025779,1.1478059414242272,-21855.583546708345,-114.581872025779,1.0,6,Stop Loss,False,73515.45185490913
2023-04-25 01:00:00,2023-04-25 01:00:00,SHORT,1.1480020977982748,1.1430364793226977,66631.2898511574,453.17880914791635,1.0,27,Take Profit,True,140146.74170606653
2023-04-26 05:00:00,2023-04-26 05:00:00,SHORT,1.1422148454271086,1.1385565027446862,52218.966942711464,186.30103813698247,1.0,10,Take Profit,True,192365.708648778
2023-04-26 16:00:00,2023-04-26 16:00:00,SHORT,1.1387652960621932,1.1389650859152194,-43811.87863232786,-113.87652960621932,1.0,7,Stop Loss,False,148553.83001645014
2023-04-27 02:00:00,2023-04-27 02:00:00,SHORT,1.1380544426185824,1.1393254603480458,-33812.46924364536,-113.80544426185824,0.95,11,Stop Loss,False,114741.36077280478
2023-04-27 18:00:00,2023-04-27 18:00:00,SHORT,1.1382995104583873,1.1395312783045768,-26122.006959402577,-113.82995104583873,1.0,6,Stop Loss,False,88619.35381340221
2023-04-28 05:00:00,2023-04-28 05:00:00,SHORT,1.1388890056202545,1.1404544647556019,-20185.52154865103,-113.88890056202546,1.0,5,Stop Loss,False,68433.83226475118
2023-04-28 16:00:00,2023-04-28 16:00:00,SHORT,1.1439865404616913,1.1368104314260694,180242.19833060834,1316.9085550645632,1.0,33,Take Profit,True,248676.0305953595
2023-04-30 02:00:00,2023-04-30 02:00:00,SHORT,1.1361050199913654,1.1321646914646233,112515.33858259874,226.22875697594145,1.0,5,Take Profit,True,361191.36917795823
2023-04-30 08:00:00,2023-04-30 08:00:00,SHORT,1.131482260650438,1.1331009380769534,-81736.32538498064,-113.1482260650438,1.0,37,Stop Loss,False,279455.0437929776
2023-05-01 23:00:00,2023-05-01 23:00:00,SHORT,1.1342187210501982,1.134210725018765,63392.62847237963,113.42187210501982,1.0,2,Stop Loss,True,342847.6722653572
2023-05-02 02:00:00,2023-05-02 02:00:00,SHORT,1.134286743827752,1.1348302433170918,-77777.51396055927,-113.4286743827752,1.0,4,Stop Loss,False,265070.15830479795
2023-05-02 11:00:00,2023-05-02 11:00:00,SHORT,1.137133150166053,1.1371803528075037,-60284.012825629856,-113.7133150166053,1.0,1,Stop Loss,False,204786.1454791681
2023-05-02 13:00:00,2023-05-02 13:00:00,LONG,1.138998495555886,1.1365414974723884,-46650.22232229227,-113.89984955558863,1.0,4,Stop Loss,False,158135.92315687583
2023-05-02 18:00:00,2023-05-02 18:00:00,SHORT,1.1377535444108504,1.137510662583298,35983.94141408347,113.77535444108504,1.0,1,Stop Loss,True,194119.8645709593
2023-05-02 20:00:00,2023-05-02 20:00:00,SHORT,1.1374362493646044,1.1379463507269172,-44159.79413695138,-113.74362493646044,1.0,1,Stop Loss,False,149960.0704340079
2023-05-02 22:00:00,2023-05-02 22:00:00,SHORT,1.1376029716136657,1.1329935978698256,211140.348510856,703.9885614209929,1.0,5,Take Profit,True,361100.41894486395
2023-05-03 05:00:00,2023-05-03 05:00:00,LONG,1.1338773194651621,1.1317764784595172,-81888.71501818989,-113.38773194651621,1.0,19,Stop Loss,False,279211.7039266741
2023-05-04 04:00:00,2023-05-04 04:00:00,LONG,1.1334428019961964,1.1309202812777752,-63294.09920975637,-113.34428019961965,1.0,43,Stop Loss,False,215917.60471691773
2023-05-06 03:00:00,2023-05-06 03:00:00,SHORT,1.128988772428101,1.1294693161456337,-48753.71029899377,-112.89887724281007,1.0,14,Stop Loss,False,167163.89441792396
2023-05-06 20:00:00,2023-05-06 20:00:00,SHORT,1.1294997803344318,1.130139475849453,-37762.31640497866,-112.94997803344317,1.0,9,Stop Loss,False,129401.5780129453
2023-05-07 06:00:00,2023-05-07 06:00:00,SHORT,1.1276784974643437,1.1307507418023397,-29184.675412630648,-112.76784974643436,1.0,22,Stop Loss,False,100216.90260031466
2023-05-08 22:00:00,2023-05-08 22:00:00,SHORT,1.1392502426720084,1.1400871925374143,-22834.4261214491,-113.92502426720084,1.0,6,Stop Loss,False,77382.47647886556
2023-05-09 06:00:00,2023-05-09 06:00:00,SHORT,1.1401893556944134,1.140649840756404,-17646.135199695163,-114.01893556944131,1.0,2,Stop Loss,False,59736.341279170396
2023-05-09 14:00:00,2023-05-09 14:00:00,SHORT,1.141541502726705,1.1369200881077453,32679.284823534694,273.5293468243401,1.0,48,Take Profit,True,92415.6261027051
2023-05-11 15:00:00,2023-05-11 15:00:00,SHORT,1.1362205889681791,1.1377575932165502,-21000.907424055724,-113.62205889681792,1.0,29,Stop Loss,False,71414.71867864937
2023-05-12 21:00:00,2023-05-12 21:00:00,LONG,1.1377389888488993,1.1364411351501322,-16250.261963675028,-113.77389888488993,1.0,3,Stop Loss,False,55164.45671497434
2023-05-13 10:00:00,2023-05-13 10:00:00,LONG,1.1379727533434478,1.1377813220983881,-12555.12973892696,-113.79727533434479,0.95,1,Stop Loss,False,42609.32697604738
2023-05-13 13:00:00,2023-05-13 13:00:00,LONG,1.138285493133188,1.1448685912192866,39686.07675290422,465.69706176318573,1.0,12,Take Profit,True,82295.4037289516
2023-05-14 05:00:00,2023-05-14 05:00:00,SHORT,1.1489702028773503,1.1487735750356856,18910.993343665396,114.89702028773503,1.0,1,Stop Loss,True,101206.397072617
2023-05-14 10:00:00,2023-05-14 10:00:00,SHORT,1.1500795101981571,1.1504137355524313,-23279.08071483911,-115.00795101981569,1.0,4,Stop Loss,False,77927.31635777789
2023-05-14 18:00:00,2023-05-14 18:00:00,SHORT,1.1479278262522772,1.1492608459592741,-17890.9869744515,-114.79278262522774,1.0,1,Stop Loss,False,60036.32938332639
2023-05-14 20:00:00,2023-05-14 20:00:00,SHORT,1.148173317898083,1.1495920861575342,-13786.42230049521,-114.8173317898083,1.0,4,Stop Loss,False,46249.90708283118
2023-05-15 01:00:00,2023-05-15 01:00:00,SHORT,1.1485558097893458,1.1493496806530774,-10624.119896440634,-114.85558097893458,1.0,1,Stop Loss,False,35625.787186390546
2023-05-15 04:00:00,2023-05-15 04:00:00,SHORT,1.146815246555356,1.1491885406859572,-8171.239183177824,-114.68152465553561,1.0,4,Stop Loss,False,27454.548003212723
2023-05-15 11:00:00,2023-05-15 11:00:00,SHORT,1.150172798805008,1.1513812025955659,-6315.4948633563245,-115.0172798805008,1.0,10,Stop Loss,False,21139.053139856398
2023-05-16 06:00:00,2023-05-16 06:00:00,SHORT,1.1529744861355933,1.1532202353110252,-4874.5577862637865,-115.29744861355933,1.0,1,Stop Loss,False,16264.49535359261
2023-05-16 10:00:00,2023-05-16 10:00:00,SHORT,1.1527963957568992,1.1490547528399506,4668.643840935178,143.52255447950114,1.0,20,Take Profit,True,20933.139194527786
2023-05-17 07:00:00,2023-05-17 07:00:00,SHORT,1.1489964057391149,1.1507216303709118,-4810.420339069804,-114.89964057391148,1.0,4,Stop Loss,False,16122.718855457982
2023-05-17 13:00:00,2023-05-17 13:00:00,SHORT,1.1507932379529966,1.150756118393979,3710.783167255665,115.07932379529966,1.0,4,Stop Loss,True,19833.50202271365
2023-05-17 19:00:00,2023-05-17 19:00:00,SHORT,1.1499562997359456,1.1513121426894333,-4561.532119369036,-114.99562997359456,1.0,4,Stop Loss,False,15271.969903344612
2023-05-18 03:00:00,2023-05-18 03:00:00,LONG,1.1544337714039858,1.15719264655021,3883.5906390670843,127.14766541730039,1.0,14,Take Profit,True,19155.560542411695
2023-05-18 20:00:00,2023-05-18 20:00:00,SHORT,1.158216177793107,1.1577358919382725,4437.256022983306,115.8216177793107,1.0,1,Stop Loss,True,23592.816565395
2023-05-18 23:00:00,2023-05-18 23:00:00,SHORT,1.155583781476286,1.1584521085467425,-5452.695236463103,-115.55837814762859,1.0,6,Stop Loss,False,18140.1213289319
2023-05-19 07:00:00,2023-05-19 07:00:00,SHORT,1.1594750966002623,1.1588728903826562,4206.603786040759,115.94750966002623,1.0,1,Stop Loss,True,22346.725114972658
2023-05-19 10:00:00,2023-05-19 10:00:00,SHORT,1.1579055472344504,1.1536543620561401,8449.837141566799,189.06209071111888,1.0,17,Take Profit,True,30796.56225653946
2023-05-20 04:00:00,2023-05-20 04:00:00,SHORT,1.1524474591976068,1.1506424543387312,6637.08462978575,107.75690764602153,1.0,2,Take Profit,True,37433.64688632521
2023-05-20 11:00:00,2023-05-20 11:00:00,SHORT,1.149653118654018,1.1498100999815413,-8607.14177709141,-114.96531186540182,1.0,1,Stop Loss,False,28826.505109233796
2023-05-20 14:00:00,2023-05-20 14:00:00,SHORT,1.151750684864363,1.1510679013401859,6640.189400361218,115.1750684864363,1.0,1,Stop Loss,True,35466.694509595014
2023-05-20 21:00:00,2023-05-20 21:00:00,SHORT,1.151856879178189,1.1523486342384068,-8170.511210517664,-115.18568791781887,1.0,37,Stop Loss,False,27296.18329907735
2023-05-22 17:00:00,2023-05-22 17:00:00,SHORT,1.1540283419491575,1.1539937817343497,6300.113830834905,115.40283419491576,1.0,17,Stop Loss,True,33596.29712991226
2023-05-23 17:00:00,2023-05-23 17:00:00,SHORT,1.153605884662666,1.1546028848674743,-7751.3772143884435,-115.3605884662666,1.0,1,Stop Loss,False,25844.919915523817
2023-05-23 23:00:00,2023-05-23 23:00:00,SHORT,1.1558267339628303,1.1504047330076637,17739.1734556653,343.18491822855714,1.0,10,Take Profit,True,43584.09337118911
2023-05-24 10:00:00,2023-05-24 10:00:00,SHORT,1.1478561425047171,1.151110917956491,-10005.653858323709,-114.78561425047171,1.0,12,Stop Loss,False,33578.4395128654
2023-05-25 01:00:00,2023-05-25 01:00:00,SHORT,1.151384573677728,1.146890181543373,54728.543082036995,814.9357724183109,1.0,12,Take Profit,True,88306.9825949024
2023-05-25 14:00:00,2023-05-25 14:00:00,SHORT,1.1477538832668601,1.1483076350417174,-20270.936438575653,-114.77538832668601,1.0,3,Stop Loss,False,68036.04615632675
2023-05-25 18:00:00,2023-05-25 18:00:00,LONG,1.1473066285788125,1.1470454173380082,-15611.641347489543,-114.73066285788124,1.0,1,Stop Loss,False,52424.4048088372
2023-05-25 20:00:00,2023-05-25 20:00:00,SHORT,1.147018605206853,1.1476522148433514,-12026.353536526376,-114.70186052068527,1.0,1,Stop Loss,False,40398.051272310826
2023-05-25 23:00:00,2023-05-25 23:00:00,SHORT,1.1498633595827072,1.1483061970105268,9290.447791314757,114.9863359582707,1.0,1,Stop Loss,True,49688.49906362558
2023-05-26 02:00:00,2023-05-26 02:00:00,SHORT,1.1482875109180302,1.1493951589815004,-11411.3365822047,-114.82875109180301,1.0,11,Stop Loss,False,38277.162481420884
2023-05-26 19:00:00,2023-05-26 19:00:00,SHORT,1.1481654076865835,1.1461454246103786,8024.140140916691,104.81628758155045,1.0,3,Take Profit,True,46301.30262233758
2023-05-26 23:00:00,2023-05-26 23:00:00,SHORT,1.1476844567628575,1.1472598322091976,10627.857069506033,114.76844567628572,1.0,4,Stop Loss,True,56929.15969184361
2023-05-27 04:00:00,2023-05-27 04:00:00,LONG,1.1457509751952835,1.1461803840521338,13045.328046795568,114.57509751952834,1.0,1,Stop Loss,True,69974.48773863917
2023-05-27 10:00:00,2023-05-27 10:00:00,SHORT,1.1486904931748834,1.1481876743694737,16075.805766031453,114.86904931748833,1.0,1,Stop Loss,True,86050.29350467063
2023-05-27 14:00:00,2023-05-27 14:00:00,SHORT,1.1490410898507628,1.1511991767566414,-19775.06460611695,-114.90410898507628,1.0,3,Stop Loss,False,66275.22889855367
2023-05-27 20:00:00,2023-05-27 20:00:00,SHORT,1.1512623206803998,1.1513447917508348,-15260.03476507472,-115.12623206803998,1.0,1,Stop Loss,False,51015.19413347895
2023-05-28 01:00:00,2023-05-28 01:00:00,SHORT,1.1516917177080324,1.14648340621863,46194.54278474449,452.7527883543729,1.0,13,Take Profit,True,97209.73691822344
2023-05-28 15:00:00,2023-05-28 15:00:00,SHORT,1.1474109237775365,1.1473532241794424,22307.90280750201,114.74109237775365,1.0,1,Stop Loss,True,119517.63972572546
2023-05-28 23:00:00,2023-05-28 23:00:00,SHORT,1.1513539895122087,1.151096630963633,27521.42226305937,115.13539895122086,1.0,1,Stop Loss,True,147039.06198878482
2023-05-29 03:00:00,2023-05-29 03:00:00,SHORT,1.1492754602761883,1.1510857577988907,-33797.67712914794,-114.92754602761886,1.0,7,Stop Loss,False,113241.38485963688
2023-05-29 12:00:00,2023-05-29 12:00:00,SHORT,1.1499711700247932,1.1521201660772555,-26044.86556845291,-114.99711700247934,1.0,11,Stop Loss,False,87196.51929118397
2023-05-30 01:00:00,2023-05-30 01:00:00,SHORT,1.1511123218738983,1.1524207325194802,-20074.59755611939,-115.11123218738983,1.0,91,Stop Loss,False,67121.92173506458
2023-06-02 21:00:00,2023-06-02 21:00:00,LONG,1.1518829490282843,1.150950562325185,-15463.319430526375,-115.18829490282843,1.0,22,Stop Loss,False,51658.6023045382
2023-06-03 20:00:00,2023-06-03 20:00:00,SHORT,1.1508155061351624,1.1521147051273777,-11889.90411146644,-115.08155061351624,1.0,4,Stop Loss,False,39768.69819307176
2023-06-04 07:00:00,2023-06-04 07:00:00,SHORT,1.1517914603951878,1.148483571520864,8778.947000079437,110.37508642423764,1.0,6,Take Profit,True,48547.6451931512
2023-06-04 14:00:00,2023-06-04 14:00:00,SHORT,1.1496310036078041,1.1422358632235277,102342.92004335216,1054.0461811914006,1.0,20,Take Profit,True,150890.56523650337
2023-06-05 11:00:00,2023-06-05 11:00:00,SHORT,1.1428571449756673,1.1439023461801443,-34489.272117990986,-114.28571449756673,1.0,14,Stop Loss,False,116401.29311851239
2023-06-06 03:00:00,2023-06-06 03:00:00,SHORT,1.1439087051274524,1.143605405097252,26630.490497271712,114.39087051274524,1.0,1,Stop Loss,True,143031.7836157841
2023-06-06 06:00:00,2023-06-06 06:00:00,SHORT,1.1453930617786512,1.1400751781967784,536352.7388430047,1874.94249629079,1.0,6,Take Profit,True,679384.5224587888
2023-06-06 13:00:00,2023-06-06 13:00:00,SHORT,1.1388944274686592,1.1346920025108451,236077.38887605313,173.74357309587774,1.0,6,Take Profit,True,915461.911334842
2023-06-06 20:00:00,2023-06-06 20:00:00,SHORT,1.1349666223454744,1.1357527387785835,-207803.74267872758,-113.49666223454744,1.0,5,Stop Loss,False,707658.1686561144
2023-06-07 08:00:00,2023-06-07 08:00:00,SHORT,1.1353726811909612,1.1324314691056196,661504.9655650556,467.39018559009463,1.0,4,Take Profit,True,1369163.13422117
2023-06-07 13:00:00,2023-06-07 13:00:00,SHORT,1.1310988521781684,1.1285568232119967,365059.1922765521,133.31471727224496,1.0,6,Take Profit,True,1734222.3264977222
2023-06-07 20:00:00,2023-06-07 20:00:00,SHORT,1.1285383782611564,1.1289493687735486,-391427.2903780058,-112.85383782611564,1.0,1,Stop Loss,False,1342795.0361197162
2023-06-07 23:00:00,2023-06-07 23:00:00,SHORT,1.128403141292585,1.1234654193298375,1445698.3658399058,538.3168417190274,1.0,8,Take Profit,True,2788493.4019596223
2023-06-08 08:00:00,2023-06-08 08:00:00,SHORT,1.1227781848997263,1.1244239232765827,-626171.9120914176,-112.27781848997265,1.0,8,Stop Loss,False,2162321.4898682046
2023-06-08 20:00:00,2023-06-08 20:00:00,SHORT,1.1250539253949368,1.1206682251405693,8477668.259923935,1960.31633123173,1.0,11,Take Profit,True,10639989.74979214
2023-06-09 08:00:00,2023-06-09 08:00:00,SHORT,1.122671445664803,1.122534330657042,2389042.5348515655,112.26714456648028,1.0,1,Stop Loss,True,13029032.284643706
2023-06-09 14:00:00,2023-06-09 14:00:00,SHORT,1.1218714750193266,1.1234903048799687,-2923379.9334495324,-112.18714750193266,1.0,2,Stop Loss,False,10105652.351194173
2023-06-09 18:00:00,2023-06-09 18:00:00,SHORT,1.122391850747009,1.118181677474983,7096320.198810895,351.106487349742,1.0,11,Take Profit,True,17201972.550005067
2023-06-10 06:00:00,2023-06-10 06:00:00,SHORT,1.1187938780829265,1.119112424608501,-3849092.3159792433,-111.87938780829263,1.0,1,Stop Loss,False,13352880.234025825
2023-06-10 11:00:00,2023-06-10 11:00:00,SHORT,1.1198660523856634,1.1152019076539894,12109808.781315504,453.4530591556297,1.0,13,Take Profit,True,25462689.015341327
2023-06-11 01:00:00,2023-06-11 01:00:00,SHORT,1.1161199497086562,1.1165062459515933,-5683883.036649982,-111.6119949708656,1.0,13,Stop Loss,False,19778805.978691343
2023-06-11 18:00:00,2023-06-11 18:00:00,SHORT,1.1174849066592565,1.116979635332094,4420503.430585889,111.74849066592567,1.0,2,Stop Loss,True,24199309.40927723
2023-06-12 00:00:00,2023-06-12 00:00:00,SHORT,1.118862540015308,1.1191910513486965,-5415140.158456053,-111.8862540015308,1.0,24,Stop Loss,False,18784169.250821177
2023-06-13 06:00:00,2023-06-13 06:00:00,SHORT,1.1199742797383765,1.1214144099775418,-4207557.285434442,-111.99742797383765,1.0,25,Stop Loss,False,14576611.965386735
2023-06-14 09:00:00,2023-06-14 09:00:00,LONG,1.1213957976434756,1.1200524051879057,-3269230.280372858,-112.13957976434756,1.0,2,Stop Loss,False,11307381.685013877
2023-06-14 12:00:00,2023-06-14 12:00:00,SHORT,1.1216987369802107,1.1208877847762555,2536695.150926647,112.16987369802108,1.0,1,Stop Loss,True,13844076.835940525
2023-06-14 15:00:00,2023-06-14 15:00:00,LONG,1.1218917366977097,1.1282239126674702,28374021.43450053,1024.7711628137927,1.0,11,Take Profit,True,42218098.270441055
2023-06-15 04:00:00,2023-06-15 04:00:00,SHORT,1.1289575271269785,1.1212498834901825,63400165.33718757,750.8647704955615,1.0,12,Take Profit,True,105618263.60762863
2023-06-15 17:00:00,2023-06-15 17:00:00,SHORT,1.1210687390350573,1.1226387608120523,-23681066.720335305,-112.10687390350573,1.0,2,Stop Loss,False,81937196.88729332
2023-06-15 21:00:00,2023-06-15 21:00:00,SHORT,1.1217265427286365,1.1159511581504138,74961428.19649549,457.4322227523039,0.95,15,Take Profit,True,156898625.0837888
2023-06-16 13:00:00,2023-06-16 13:00:00,SHORT,1.1159966148347686,1.1162423539234276,-35019666.893147565,-111.59966148347686,1.0,3,Stop Loss,False,121878958.19064125
2023-06-16 19:00:00,2023-06-16 19:00:00,SHORT,1.1168581325969236,1.1192528063701193,-27224301.129531622,-111.68581325969235,1.0,11,Stop Loss,False,94654657.06110963
2023-06-17 09:00:00,2023-06-17 09:00:00,SHORT,1.1177677867632865,1.1198382310345674,-21160385.30600688,-111.77677867632863,1.0,4,Stop Loss,False,73494271.75510275
2023-06-17 15:00:00,2023-06-17 15:00:00,SHORT,1.1189982163262566,1.1215829884996136,-16447991.800831433,-111.89982163262566,1.0,18,Stop Loss,False,57046279.95427132
2023-06-18 12:00:00,2023-06-18 12:00:00,SHORT,1.1214984780031945,1.1218857777274138,-12795463.228891885,-112.14984780031945,1.0,1,Stop Loss,False,44250816.72537943
2023-06-18 15:00:00,2023-06-18 15:00:00,SHORT,1.1207186702378396,1.122821563207323,-9918543.295481117,-112.07186702378395,1.0,2,Stop Loss,False,34332273.429898314
2023-06-18 18:00:00,2023-06-18 18:00:00,LONG,1.1230494797362123,1.121407544819384,-7711368.362721738,-112.30494797362122,1.0,3,Stop Loss,False,26620905.067176577
2023-06-18 22:00:00,2023-06-18 22:00:00,SHORT,1.1212349471014305,1.1174230653862665,16097985.239626328,302.35608441944095,1.0,49,Take Profit,True,42718890.306802906
2023-06-21 03:00:00,2023-06-21 03:00:00,LONG,1.118694674845855,1.1161369676569808,-9557879.020308925,-111.8694674845855,1.0,10,Stop Loss,False,33161011.28649398
2023-06-21 14:00:00,2023-06-21 14:00:00,SHORT,1.1151305792746071,1.1158644865182996,-7395771.545047963,-111.5130579274607,0.8999999999999999,2,Stop Loss,False,25765239.74144602
2023-06-21 18:00:00,2023-06-21 18:00:00,LONG,1.116649066239248,1.1157196454911327,-5754146.179743214,-111.66490662392481,0.8,2,Stop Loss,False,20011093.561702803
2023-06-21 21:00:00,2023-06-21 21:00:00,SHORT,1.1153595319042906,1.1105295887795001,13981822.677394316,349.35178915341,0.8999999999999999,30,Take Profit,True,33992916.23909712
2023-06-23 06:00:00,2023-06-23 06:00:00,LONG,1.1111175041538854,1.1102084835913613,-7554024.850099535,-111.11175041538854,0.95,17,Stop Loss,False,26438891.388997585
2023-06-24 00:00:00,2023-06-24 00:00:00,SHORT,1.1098768661833929,1.1060491317193981,12943710.783627396,244.7854297895005,0.95,8,Take Profit,True,39382602.17262498
2023-06-24 09:00:00,2023-06-24 09:00:00,SHORT,1.1068423976916606,1.1073038385923668,-8718066.763217008,-110.68423976916606,1.0,1,Stop Loss,False,30664535.409407973
2023-06-24 15:00:00,2023-06-24 15:00:00,SHORT,1.1051080659345118,1.1076792300584661,-6777525.08381424,-110.51080659345118,1.0,2,Stop Loss,False,23887010.325593732
2023-06-24 21:00:00,2023-06-24 21:00:00,SHORT,1.1098293004689785,1.111881959002601,-5302100.791989793,-110.98293004689788,1.0,1,Stop Loss,False,18584909.53360394
2023-06-25 02:00:00,2023-06-25 02:00:00,SHORT,1.1114062411770158,1.1120158150417563,-4131076.889471528,-111.14062411770158,1.0,1,Stop Loss,False,14453832.644132413
2023-06-25 07:00:00,2023-06-25 07:00:00,SHORT,1.111568395329194,1.1080097030452873,4308612.238142286,149.04739608602648,1.0,13,Take Profit,True,18762444.8822747
2023-06-25 21:00:00,2023-06-25 21:00:00,SHORT,1.10747296161711,1.1089589754116769,-4155780.08019011,-110.74729616171099,1.0,3,Stop Loss,False,14606664.802084588
2023-06-26 05:00:00,2023-06-26 05:00:00,SHORT,1.111119418873938,1.1058159056309393,17787138.701991193,608.8706403207358,1.0,6,Take Profit,True,32393803.50407578
2023-06-26 14:00:00,2023-06-26 14:00:00,SHORT,1.1062113947587493,1.1051356162196782,7166878.911156906,110.62113947587493,1.0,1,Stop Loss,True,39560682.41523269
2023-06-26 18:00:00,2023-06-26 18:00:00,SHORT,1.1043814278280373,1.1008571194439005,10651671.882783754,134.6244709707329,1.0,4,Take Profit,True,50212354.298016444
2023-06-26 23:00:00,2023-06-26 23:00:00,SHORT,1.1001673426733827,1.094960676964931,27738927.44173297,276.21616063946186,1.0,43,Take Profit,True,77951281.73974942
2023-06-28 19:00:00,2023-06-28 19:00:00,SHORT,1.0937353458459398,1.096251134346024,-17051614.418551825,-109.37353458459398,1.0,3,Stop Loss,False,60899667.32119759
2023-06-29 01:00:00,2023-06-29 01:00:00,SHORT,1.094375824725051,1.0968181783185886,-13329424.730023373,-109.43758247250513,1.0,3,Stop Loss,False,47570242.591174215
2023-06-29 10:00:00,2023-06-29 10:00:00,SHORT,1.099086211996377,1.0997434417201306,-10456759.546656476,-109.9086211996377,1.0,5,Stop Loss,False,37113483.04451774
2023-06-29 17:00:00,2023-06-29 17:00:00,SHORT,1.0989077782676995,1.1004291801710038,-8156859.039245386,-109.89077782676995,1.0,17,Stop Loss,False,28956624.005272355
2023-06-30 12:00:00,2023-06-30 12:00:00,SHORT,1.0992599792915074,1.1004941380126985,-6366171.58087753,-109.92599792915072,1.0,33,Stop Loss,False,22590452.424394824
2023-07-01 23:00:00,2023-07-01 23:00:00,LONG,1.1029124184480084,1.100646548701605,-4983058.103444794,-110.29124184480084,1.0,20,Stop Loss,False,17607394.32095003
2023-07-02 20:00:00,2023-07-02 20:00:00,SHORT,1.1016081432077003,1.1014886012309528,3879289.7929255143,110.16081432077003,1.0,1,Stop Loss,True,21486684.113875546
2023-07-02 23:00:00,2023-07-02 23:00:00,SHORT,1.1026017095283251,1.103001677848089,-4738250.927210856,-110.2601709528325,1.0,6,Stop Loss,False,16748433.18666469
2023-07-03 06:00:00,2023-07-03 06:00:00,LONG,1.1026637497544582,1.1016616583618064,-3693578.0280239396,-110.26637497544583,0.95,9,Stop Loss,False,13054855.15864075
2023-07-03 16:00:00,2023-07-03 16:00:00,SHORT,1.1001672796011166,1.1021967670906492,-2872504.8970936798,-110.01672796011167,1.0,2,Stop Loss,False,10182350.26154707
2023-07-03 19:00:00,2023-07-03 19:00:00,LONG,1.1005537785525268,1.1011765451698772,2241244.8109781877,110.05537785525267,1.0,1,Stop Loss,True,12423595.072525257
2023-07-03 21:00:00,2023-07-03 21:00:00,SHORT,1.0998487063148006,1.1018859230835418,-2732814.993659167,-109.98487063148006,1.0,26,Stop Loss,False,9690780.07886609
2023-07-05 06:00:00,2023-07-05 06:00:00,SHORT,1.1039982868625495,1.1047576730217983,-2139720.9210859775,-110.39982868625495,1.0,19,Stop Loss,False,7551059.157780113
2023-07-06 04:00:00,2023-07-06 04:00:00,SHORT,1.1026212581307486,1.1039156617783934,-1665191.669754244,-110.26212581307486,1.0,30,Stop Loss,False,5885867.488025868
2023-07-07 14:00:00,2023-07-07 14:00:00,SHORT,1.104632163411498,1.1047774521520985,-1300343.7073702828,-110.46321634114979,1.0,7,Stop Loss,False,4585523.780655585
2023-07-07 23:00:00,2023-07-07 23:00:00,SHORT,1.102676152207085,1.104834656488746,-1011269.5436614772,-110.26761522070849,1.0,7,Stop Loss,False,3574254.236994108
2023-07-08 10:00:00,2023-07-08 10:00:00,SHORT,1.1054016717697304,1.1067250184489426,-790197.3217806659,-110.54016717697304,1.0,32,Stop Loss,False,2784056.9152134424
2023-07-09 22:00:00,2023-07-09 22:00:00,SHORT,1.1062826598106192,1.1076654430081303,-615990.7778452949,-110.62826598106193,1.0,11,Stop Loss,False,2168066.1373681473
2023-07-10 13:00:00,2023-07-10 13:00:00,SHORT,1.109850987168619,1.104340320575587,2587601.4604433924,596.753349873479,1.0,33,Take Profit,True,4755667.59781154
2023-07-11 23:00:00,2023-07-11 23:00:00,SHORT,1.1002276461386216,1.1043407895039066,-1046463.3933915807,-110.02276461386215,1.0,6,Stop Loss,False,3709204.204419959
2023-07-12 07:00:00,2023-07-12 07:00:00,SHORT,1.1028790635273606,1.1042513809987402,-818160.7318804866,-110.28790635273606,1.0,8,Stop Loss,False,2891043.4725394724
2023-07-12 18:00:00,2023-07-12 18:00:00,SHORT,1.1042431997374382,1.105049574617752,-638483.0189394042,-110.4243199737438,1.0,9,Stop Loss,False,2252560.453600068
2023-07-13 05:00:00,2023-07-13 05:00:00,SHORT,1.1040062319027992,1.1050281583481918,-497368.15570245427,-110.4006231902799,1.0,9,Stop Loss,False,1755192.2978976138
2023-07-13 18:00:00,2023-07-13 18:00:00,SHORT,1.1059032572481418,1.1053220322364472,388214.5758683643,110.59032572481415,1.0,1,Stop Loss,True,2143406.873765978
2023-07-13 21:00:00,2023-07-13 21:00:00,SHORT,1.104956636160023,1.1051757939609288,-473674.32983174524,-110.49566361600229,1.0,27,Stop Loss,False,1669732.5439342328
2023-07-15 14:00:00,2023-07-15 14:00:00,SHORT,1.1077308163086241,1.1086951680190014,-369922.83878186863,-110.7730816308624,1.0,2,Stop Loss,False,1299809.7051523642
2023-07-16 01:00:00,2023-07-16 01:00:00,SHORT,1.1073887681279002,1.1086322767206511,-287878.9336378732,-110.73887681279002,1.0,7,Stop Loss,False,1011930.771514491
2023-07-16 12:00:00,2023-07-16 12:00:00,SHORT,1.1075645801193608,1.104911725085246,311486.03603829606,153.90679125811894,1.0,31,Take Profit,True,1323416.807552787
2023-07-17 20:00:00,2023-07-17 20:00:00,SHORT,1.1035201336188443,1.0975761943746092,1269600.5330308839,479.6676775545045,1.0,18,Take Profit,True,2593017.340583671
2023-07-18 16:00:00,2023-07-18 16:00:00,LONG,1.0984160687249758,1.096318765403779,-569642.3826759214,-109.84160687249758,1.0,3,Stop Loss,False,2023374.9579077493
2023-07-18 20:00:00,2023-07-18 20:00:00,SHORT,1.0962510622629227,1.0925595329068394,1876245.6784740754,463.64260641393633,1.0,33,Take Profit,True,3899620.6363818245
2023-07-20 06:00:00,2023-07-20 06:00:00,SHORT,1.0937198493901694,1.093816943548644,-853018.4990204652,-109.37198493901694,1.0,4,Stop Loss,False,3046602.1373613593
2023-07-20 15:00:00,2023-07-20 15:00:00,SHORT,1.0925083876576103,1.0940659312879983,-665687.6777845776,-109.25083876576103,1.0,8,Stop Loss,False,2380914.459576782
2023-07-21 06:00:00,2023-07-21 06:00:00,SHORT,1.095976601594174,1.0927363232404643,1257106.6968555595,263.9966110078175,1.0,5,Take Profit,True,3638021.1564323413
2023-07-21 12:00:00,2023-07-21 12:00:00,SHORT,1.093464768983901,1.0943562477752282,-795609.592675367,-109.3464768983901,1.0,2,Stop Loss,False,2842411.5637569744
2023-07-21 17:00:00,2023-07-21 17:00:00,SHORT,1.0963351343049936,1.0970969723079271,-623247.1327003139,-109.63351343049936,1.0,15,Stop Loss,False,2219164.4310566606
2023-07-22 11:00:00,2023-07-22 11:00:00,SHORT,1.0957922103610374,1.0926574106174174,873954.5202353128,196.91071738635813,0.95,5,Take Profit,True,3093118.9512919732
2023-07-22 17:00:00,2023-07-22 17:00:00,SHORT,1.0913976587418022,1.0934679136147716,-675164.5563299917,-109.13976587418021,1.0,23,Stop Loss,False,2417954.3949619816
2023-07-23 23:00:00,2023-07-23 23:00:00,SHORT,1.0963027136531185,1.096959461066917,-530161.992937261,-109.63027136531184,1.0,6,Stop Loss,False,1887792.4020247206
2023-07-24 06:00:00,2023-07-24 06:00:00,SHORT,1.0961048647643874,1.0980411118052031,-413843.6871049089,-109.61048647643874,1.0,4,Stop Loss,False,1473948.7149198116
2023-07-24 11:00:00,2023-07-24 11:00:00,LONG,1.0966468178360766,1.0976024756708251,323280.2335740772,109.66468178360766,1.0,1,Stop Loss,True,1797228.9484938888
2023-07-24 13:00:00,2023-07-24 13:00:00,SHORT,1.0982040736556824,1.0988982182093083,-394744.83050558146,-109.82040736556824,1.0,4,Stop Loss,False,1402484.1179883075
2023-07-24 19:00:00,2023-07-24 19:00:00,SHORT,1.0974663293126694,1.1000759315488275,-307835.8193775889,-109.74663293126694,1.0,6,Stop Loss,False,1094648.2986107185
2023-07-25 04:00:00,2023-07-25 04:00:00,SHORT,1.0995917680402438,1.1006742843910293,-240733.25161032096,-109.95917680402438,1.0,3,Stop Loss,False,853915.0470003975
2023-07-25 10:00:00,2023-07-25 10:00:00,SHORT,1.099723676592524,1.1004596224585756,-187814.118996991,-109.9723676592524,1.0,8,Stop Loss,False,666100.9280034065
2023-07-25 21:00:00,2023-07-25 21:00:00,SHORT,1.0989077844769757,1.0963793064643548,138172.45456800715,103.71735630377361,1.0,2,Take Profit,True,804273.3825714136
2023-07-26 00:00:00,2023-07-26 00:00:00,SHORT,1.0979688496710658,1.0975634755556254,176613.42413659845,109.7968849671066,1.0,1,Stop Loss,True,980886.8067080121
2023-07-26 04:00:00,2023-07-26 04:00:00,SHORT,1.094714513868977,1.0972868529961046,-214758.20475317092,-109.47145138689768,1.0,5,Stop Loss,False,766128.6019548412
2023-07-26 15:00:00,2023-07-26 15:00:00,SHORT,1.0986426709867618,1.0993946034192827,-168340.31471420408,-109.86426709867618,1.0,6,Stop Loss,False,597788.2872406371
